"","k","V","minN","POrig.Method","delta","N.orig","true.effect.dist","n","phat.mn","phatBias.mn","Cover.mn","Porig.mn","Reject.mn","I2.mn","k.pretty","muN.pretty","N.orig.pretty","delta.pretty","V.pretty","dist.pretty","N.tot","N.tot.pretty"
"1",5,0.002,50,"pm",0,200,"expo",1024,0.3306640625,0.2806640625,0.997490589711418,0.607312195256113,0.009765625,32.0823286762196,"No. replications: 5","E[N] =  ","Norig =  200","delta =  0","V =  0.002","Exponential",250,"N =  250"
"2",5,0.002,50,"pm",0,200,"normal",2048,0.38037109375,0.30537109375,0.997055359246172,0.628104762711704,0.01318359375,32.7561428729284,"No. replications: 5","E[N] =  ","Norig =  200","delta =  0","V =  0.002","Normal",250,"N =  250"
"3",5,0.002,50,"pm",0,200,"t.scaled",1024,0.3158203125,0.2658203125,0.99874843554443,0.622956178637544,0.015625,34.8072413512061,"No. replications: 5","E[N] =  ","Norig =  200","delta =  0","V =  0.002","t",250,"N =  250"
"4",5,0.002,50,"pm",0,200,"unif2",1024,0.4087890625,0.3587890625,0.99537037037037,0.62445426878417,0.013671875,33.1149081041146,"No. replications: 5","E[N] =  ","Norig =  200","delta =  0","V =  0.002","Uniform mixture",250,"N =  250"
"5",5,0.002,50,"reml",0,200,"expo",1024,0.3306640625,0.2806640625,0.997490589711418,0.605666529082674,0.009765625,31.5589248257198,"No. replications: 5","E[N] =  ","Norig =  200","delta =  0","V =  0.002","Exponential",250,"N =  250"
"6",5,0.002,50,"reml",0,200,"normal",2048,0.38037109375,0.30537109375,0.997055359246172,0.62616562312236,0.0126953125,32.1840981704296,"No. replications: 5","E[N] =  ","Norig =  200","delta =  0","V =  0.002","Normal",250,"N =  250"
"7",5,0.002,50,"reml",0,200,"t.scaled",1024,0.3158203125,0.2658203125,0.99874843554443,0.621124111218774,0.0166015625,34.2114355624708,"No. replications: 5","E[N] =  ","Norig =  200","delta =  0","V =  0.002","t",250,"N =  250"
"8",5,0.002,50,"reml",0,200,"unif2",1024,0.4087890625,0.3587890625,0.99537037037037,0.622680277722067,0.0146484375,32.5356247759772,"No. replications: 5","E[N] =  ","Norig =  200","delta =  0","V =  0.002","Uniform mixture",250,"N =  250"
"9",5,0.002,300,"pm",0,200,"expo",1520,0.225131578947368,0.158815789473684,1,0.548841390793377,0.0335526315789474,36.9476710198637,"No. replications: 5","E[N] =  ","Norig =  200","delta =  0","V =  0.002","Exponential",1500,"N =  1500"
"10",5,0.002,300,"pm",0,200,"normal",2048,0.25302734375,0.17802734375,1,0.538803230165686,0.0263671875,36.3468523436594,"No. replications: 5","E[N] =  ","Norig =  200","delta =  0","V =  0.002","Normal",1500,"N =  1500"
"11",5,0.002,300,"pm",0,200,"t.scaled",1024,0.18125,0.13125,1,0.54801016471759,0.03515625,41.6428993086661,"No. replications: 5","E[N] =  ","Norig =  200","delta =  0","V =  0.002","t",1500,"N =  1500"
"12",5,0.002,300,"pm",0,200,"unif2",1024,0.26953125,0.21953125,0.998620689655172,0.542597164907108,0.02734375,34.4321598075213,"No. replications: 5","E[N] =  ","Norig =  200","delta =  0","V =  0.002","Uniform mixture",1500,"N =  1500"
"13",5,0.002,300,"reml",0,200,"expo",1520,0.225131578947368,0.158815789473684,1,0.548667248110158,0.0342105263157895,36.8543008204338,"No. replications: 5","E[N] =  ","Norig =  200","delta =  0","V =  0.002","Exponential",1500,"N =  1500"
"14",5,0.002,300,"reml",0,200,"normal",2048,0.25302734375,0.17802734375,1,0.538644026523704,0.02734375,36.2521034579343,"No. replications: 5","E[N] =  ","Norig =  200","delta =  0","V =  0.002","Normal",1500,"N =  1500"
"15",5,0.002,300,"reml",0,200,"t.scaled",1024,0.18125,0.13125,1,0.547848011917779,0.0361328125,41.5552385520143,"No. replications: 5","E[N] =  ","Norig =  200","delta =  0","V =  0.002","t",1500,"N =  1500"
"16",5,0.002,300,"reml",0,200,"unif2",1024,0.26953125,0.21953125,0.998620689655172,0.542437891478293,0.02734375,34.3349937049057,"No. replications: 5","E[N] =  ","Norig =  200","delta =  0","V =  0.002","Uniform mixture",1500,"N =  1500"
"17",5,0.01,50,"pm",0,200,"expo",1024,0.2087890625,0.1587890625,1,0.593066518613303,0.017578125,34.7322373872176,"No. replications: 5","E[N] =  ","Norig =  200","delta =  0","V =  0.01","Exponential",250,"N =  250"
"18",5,0.01,50,"pm",0,200,"normal",1728,0.271759259259259,0.19212962962963,1,0.596627556211962,0.0185185185185185,35.2371531274377,"No. replications: 5","E[N] =  ","Norig =  200","delta =  0","V =  0.01","Normal",250,"N =  250"
"19",5,0.01,50,"pm",0,200,"t.scaled",1024,0.1876953125,0.1376953125,0.9967585089141,0.578088703594006,0.0341796875,39.5814751336613,"No. replications: 5","E[N] =  ","Norig =  200","delta =  0","V =  0.01","t",250,"N =  250"
"20",5,0.01,50,"pm",0,200,"unif2",1024,0.2701171875,0.2201171875,1,0.6020166954474,0.0166015625,34.6798500712993,"No. replications: 5","E[N] =  ","Norig =  200","delta =  0","V =  0.01","Uniform mixture",250,"N =  250"
"21",5,0.01,50,"reml",0,200,"expo",1024,0.2087890625,0.1587890625,1,0.59094686916506,0.017578125,34.1116827498671,"No. replications: 5","E[N] =  ","Norig =  200","delta =  0","V =  0.01","Exponential",250,"N =  250"
"22",5,0.01,50,"reml",0,200,"normal",1728,0.271759259259259,0.19212962962963,1,0.594674807023611,0.0190972222222222,34.6699111025857,"No. replications: 5","E[N] =  ","Norig =  200","delta =  0","V =  0.01","Normal",250,"N =  250"
"23",5,0.01,50,"reml",0,200,"t.scaled",1024,0.1876953125,0.1376953125,0.9967585089141,0.576099237937577,0.0341796875,38.99674781405,"No. replications: 5","E[N] =  ","Norig =  200","delta =  0","V =  0.01","t",250,"N =  250"
"24",5,0.01,50,"reml",0,200,"unif2",1024,0.2701171875,0.2201171875,1,0.600128990130441,0.017578125,34.1075039875829,"No. replications: 5","E[N] =  ","Norig =  200","delta =  0","V =  0.01","Uniform mixture",250,"N =  250"
"25",5,0.01,300,"pm",0,200,"expo",1488,0.109274193548387,0.0436827956989247,1,0.541066552188968,0.0369623655913979,46.1663539635476,"No. replications: 5","E[N] =  ","Norig =  200","delta =  0","V =  0.01","Exponential",1500,"N =  1500"
"26",5,0.01,300,"pm",0,200,"normal",2048,0.1326171875,0.0576171875,1,0.523444532284192,0.0400390625,45.9678407325782,"No. replications: 5","E[N] =  ","Norig =  200","delta =  0","V =  0.01","Normal",1500,"N =  1500"
"27",5,0.01,300,"pm",0,200,"t.scaled",1024,0.07578125,0.02578125,1,0.531777001134633,0.0634765625,55.8749814189728,"No. replications: 5","E[N] =  ","Norig =  200","delta =  0","V =  0.01","t",1500,"N =  1500"
"28",5,0.01,300,"pm",0,200,"unif2",1024,0.152734375,0.102734375,1,0.517114288460834,0.0458984375,45.5536688558936,"No. replications: 5","E[N] =  ","Norig =  200","delta =  0","V =  0.01","Uniform mixture",1500,"N =  1500"
"29",5,0.01,300,"reml",0,200,"expo",1488,0.109274193548387,0.0436827956989247,1,0.540780160520931,0.0369623655913979,46.0435547213977,"No. replications: 5","E[N] =  ","Norig =  200","delta =  0","V =  0.01","Exponential",1500,"N =  1500"
"30",5,0.01,300,"reml",0,200,"normal",2048,0.1326171875,0.0576171875,1,0.523314202369811,0.04052734375,45.9058869987143,"No. replications: 5","E[N] =  ","Norig =  200","delta =  0","V =  0.01","Normal",1500,"N =  1500"
"31",5,0.01,300,"reml",0,200,"t.scaled",1024,0.07578125,0.02578125,1,0.531607795256743,0.0634765625,55.8040529775834,"No. replications: 5","E[N] =  ","Norig =  200","delta =  0","V =  0.01","t",1500,"N =  1500"
"32",5,0.01,300,"reml",0,200,"unif2",1024,0.152734375,0.102734375,1,0.517007045099479,0.0439453125,45.5054812302084,"No. replications: 5","E[N] =  ","Norig =  200","delta =  0","V =  0.01","Uniform mixture",1500,"N =  1500"
"33",5,0.25,50,"pm",0,200,"expo",1024,0.059375,0.009375,1,0.503776620365074,0.0888671875,62.9494739851857,"No. replications: 5","E[N] =  ","Norig =  200","delta =  0","V =  0.25","Exponential",250,"N =  250"
"34",5,0.25,50,"pm",0,200,"normal",1904,0.0834033613445378,0.0065126050420168,1,0.480878037988388,0.109243697478992,64.9383961839372,"No. replications: 5","E[N] =  ","Norig =  200","delta =  0","V =  0.25","Normal",250,"N =  250"
"35",5,0.25,50,"pm",0,200,"t.scaled",1024,0.05625,0.00625,1,0.477320227313617,0.134765625,75.7562679037542,"No. replications: 5","E[N] =  ","Norig =  200","delta =  0","V =  0.25","t",250,"N =  250"
"36",5,0.25,50,"pm",0,200,"unif2",1024,0.0935546875,0.0435546875,1,0.418254856404751,0.091796875,68.1000462425795,"No. replications: 5","E[N] =  ","Norig =  200","delta =  0","V =  0.25","Uniform mixture",250,"N =  250"
"37",5,0.25,50,"reml",0,200,"expo",1024,0.059375,0.009375,1,0.501492173129456,0.0908203125,62.4820433499658,"No. replications: 5","E[N] =  ","Norig =  200","delta =  0","V =  0.25","Exponential",250,"N =  250"
"38",5,0.25,50,"reml",0,200,"normal",1904,0.0834033613445378,0.0065126050420168,1,0.479487158081738,0.11186974789916,64.6234374481325,"No. replications: 5","E[N] =  ","Norig =  200","delta =  0","V =  0.25","Normal",250,"N =  250"
"39",5,0.25,50,"reml",0,200,"t.scaled",1024,0.05625,0.00625,1,0.475910403561383,0.13671875,75.5376728522372,"No. replications: 5","E[N] =  ","Norig =  200","delta =  0","V =  0.25","t",250,"N =  250"
"40",5,0.25,50,"reml",0,200,"unif2",1024,0.0935546875,0.0435546875,1,0.417083368351853,0.09765625,67.8824589908441,"No. replications: 5","E[N] =  ","Norig =  200","delta =  0","V =  0.25","Uniform mixture",250,"N =  250"
"41",5,0.25,300,"pm",0,200,"expo",1024,0.0515625,0.0015625,1,0.475667641320592,0.1142578125,86.0682456027517,"No. replications: 5","E[N] =  ","Norig =  200","delta =  0","V =  0.25","Exponential",1500,"N =  1500"
"42",5,0.25,300,"pm",0,200,"normal",2048,0.075,-3.20599323557793e-18,1,0.458771284877264,0.12353515625,90.2183254500466,"No. replications: 5","E[N] =  ","Norig =  200","delta =  0","V =  0.25","Normal",1500,"N =  1500"
"43",5,0.25,300,"pm",0,200,"t.scaled",1024,0.05390625,0.00390625,1,0.486407734353239,0.1328125,93.7690153344079,"No. replications: 5","E[N] =  ","Norig =  200","delta =  0","V =  0.25","t",1500,"N =  1500"
"44",5,0.25,300,"pm",0,200,"unif2",1024,0.0693359375,0.0193359375,1,0.431372576574284,0.0615234375,92.1186360595674,"No. replications: 5","E[N] =  ","Norig =  200","delta =  0","V =  0.25","Uniform mixture",1500,"N =  1500"
"45",5,0.25,300,"reml",0,200,"expo",1024,0.0515625,0.0015625,1,0.475333964082079,0.1142578125,86.0371327978772,"No. replications: 5","E[N] =  ","Norig =  200","delta =  0","V =  0.25","Exponential",1500,"N =  1500"
"46",5,0.25,300,"reml",0,200,"normal",2048,0.075,-3.20599323557793e-18,1,0.458616296891253,0.1240234375,90.2084079669909,"No. replications: 5","E[N] =  ","Norig =  200","delta =  0","V =  0.25","Normal",1500,"N =  1500"
"47",5,0.25,300,"reml",0,200,"t.scaled",1024,0.05390625,0.00390625,1,0.486196901877213,0.1328125,93.7568086234164,"No. replications: 5","E[N] =  ","Norig =  200","delta =  0","V =  0.25","t",1500,"N =  1500"
"48",5,0.25,300,"reml",0,200,"unif2",1024,0.0693359375,0.0193359375,1,0.431312290942017,0.0615234375,92.1147329369118,"No. replications: 5","E[N] =  ","Norig =  200","delta =  0","V =  0.25","Uniform mixture",1500,"N =  1500"
"49",10,0.002,50,"pm",0,200,"expo",1024,0.29921875,0.24921875,1,0.603436206179655,0.013671875,24.91722324084,"No. replications: 10","E[N] =  ","Norig =  200","delta =  0","V =  0.002","Exponential",500,"N =  500"
"50",10,0.002,50,"pm",0,200,"normal",2048,0.339208984375,0.264208984375,0.996610169491525,0.610037462888275,0.017578125,24.8852477267317,"No. replications: 10","E[N] =  ","Norig =  200","delta =  0","V =  0.002","Normal",500,"N =  500"
"51",10,0.002,50,"pm",0,200,"t.scaled",1024,0.2625,0.2125,0.998796630565584,0.594044896852305,0.01953125,27.0049936711342,"No. replications: 10","E[N] =  ","Norig =  200","delta =  0","V =  0.002","t",500,"N =  500"
"52",10,0.002,50,"pm",0,200,"unif2",1024,0.34609375,0.29609375,0.997762863534676,0.604587059400038,0.013671875,25.1190952260766,"No. replications: 10","E[N] =  ","Norig =  200","delta =  0","V =  0.002","Uniform mixture",500,"N =  500"
"53",10,0.002,50,"reml",0,200,"expo",1024,0.29921875,0.24921875,1,0.599074600061995,0.0166015625,23.8071293469719,"No. replications: 10","E[N] =  ","Norig =  200","delta =  0","V =  0.002","Exponential",500,"N =  500"
"54",10,0.002,50,"reml",0,200,"normal",2048,0.339208984375,0.264208984375,0.996610169491525,0.605875141559796,0.0185546875,23.7831918650202,"No. replications: 10","E[N] =  ","Norig =  200","delta =  0","V =  0.002","Normal",500,"N =  500"
"55",10,0.002,50,"reml",0,200,"t.scaled",1024,0.2625,0.2125,0.998796630565584,0.589902828093852,0.0224609375,25.9296669574395,"No. replications: 10","E[N] =  ","Norig =  200","delta =  0","V =  0.002","t",500,"N =  500"
"56",10,0.002,50,"reml",0,200,"unif2",1024,0.34609375,0.29609375,0.997762863534676,0.600213004723791,0.013671875,24.0152616020638,"No. replications: 10","E[N] =  ","Norig =  200","delta =  0","V =  0.002","Uniform mixture",500,"N =  500"
"57",10,0.002,300,"pm",0,200,"expo",1568,0.165688775510204,0.0983418367346939,1,0.530682433665636,0.0376275510204082,29.4212544827411,"No. replications: 10","E[N] =  ","Norig =  200","delta =  0","V =  0.002","Exponential",3000,"N =  3000"
"58",10,0.002,300,"pm",0,200,"normal",2048,0.208837890625,0.133837890625,1,0.536725684782205,0.037109375,29.0728122938228,"No. replications: 10","E[N] =  ","Norig =  200","delta =  0","V =  0.002","Normal",3000,"N =  3000"
"59",10,0.002,300,"pm",0,200,"t.scaled",1024,0.134765625,0.084765625,0.996941896024465,0.530941182753109,0.0380859375,34.7817857013031,"No. replications: 10","E[N] =  ","Norig =  200","delta =  0","V =  0.002","t",3000,"N =  3000"
"60",10,0.002,300,"pm",0,200,"unif2",1024,0.22392578125,0.17392578125,0.99874843554443,0.525953830391514,0.0283203125,29.1050503682596,"No. replications: 10","E[N] =  ","Norig =  200","delta =  0","V =  0.002","Uniform mixture",3000,"N =  3000"
"61",10,0.002,300,"reml",0,200,"expo",1568,0.165688775510204,0.0983418367346939,1,0.530338110796493,0.0389030612244898,29.2041010934911,"No. replications: 10","E[N] =  ","Norig =  200","delta =  0","V =  0.002","Exponential",3000,"N =  3000"
"62",10,0.002,300,"reml",0,200,"normal",2048,0.208837890625,0.133837890625,1,0.536485167531614,0.03662109375,28.9216094847885,"No. replications: 10","E[N] =  ","Norig =  200","delta =  0","V =  0.002","Normal",3000,"N =  3000"
"63",10,0.002,300,"reml",0,200,"t.scaled",1024,0.134765625,0.084765625,0.996941896024465,0.53062399802678,0.0380859375,34.6044307110041,"No. replications: 10","E[N] =  ","Norig =  200","delta =  0","V =  0.002","t",3000,"N =  3000"
"64",10,0.002,300,"reml",0,200,"unif2",1024,0.22392578125,0.17392578125,0.99874843554443,0.525721832820923,0.0283203125,28.9569073505287,"No. replications: 10","E[N] =  ","Norig =  200","delta =  0","V =  0.002","Uniform mixture",3000,"N =  3000"
"65",10,0.01,50,"pm",0,200,"expo",1024,0.15869140625,0.10869140625,1,0.572466038975479,0.0263671875,28.6955423983991,"No. replications: 10","E[N] =  ","Norig =  200","delta =  0","V =  0.01","Exponential",500,"N =  500"
"66",10,0.01,50,"pm",0,200,"normal",1248,0.213701923076923,0.146394230769231,1,0.586229535012588,0.0224358974358974,28.4330513582011,"No. replications: 10","E[N] =  ","Norig =  200","delta =  0","V =  0.01","Normal",500,"N =  500"
"67",10,0.01,50,"pm",0,200,"t.scaled",1024,0.13251953125,0.08251953125,1,0.558249930104501,0.033203125,33.0962217860763,"No. replications: 10","E[N] =  ","Norig =  200","delta =  0","V =  0.01","t",500,"N =  500"
"68",10,0.01,50,"pm",0,200,"unif2",1024,0.2236328125,0.1736328125,0.998699609882965,0.562989604593992,0.0302734375,27.2998038762739,"No. replications: 10","E[N] =  ","Norig =  200","delta =  0","V =  0.01","Uniform mixture",500,"N =  500"
"69",10,0.01,50,"reml",0,200,"expo",1024,0.15869140625,0.10869140625,1,0.567922908140656,0.02734375,27.5376329109281,"No. replications: 10","E[N] =  ","Norig =  200","delta =  0","V =  0.01","Exponential",500,"N =  500"
"70",10,0.01,50,"reml",0,200,"normal",1248,0.213701923076923,0.146394230769231,1,0.582526085531061,0.0264423076923077,27.4949941739853,"No. replications: 10","E[N] =  ","Norig =  200","delta =  0","V =  0.01","Normal",500,"N =  500"
"71",10,0.01,50,"reml",0,200,"t.scaled",1024,0.13251953125,0.08251953125,1,0.554193452434643,0.03515625,32.0839305903795,"No. replications: 10","E[N] =  ","Norig =  200","delta =  0","V =  0.01","t",500,"N =  500"
"72",10,0.01,50,"reml",0,200,"unif2",1024,0.2236328125,0.1736328125,0.998699609882965,0.559063423659786,0.03125,26.2999993098267,"No. replications: 10","E[N] =  ","Norig =  200","delta =  0","V =  0.01","Uniform mixture",500,"N =  500"
"73",10,0.01,300,"pm",0,200,"expo",1552,0.0853737113402062,0.0183634020618557,1,0.512780641241327,0.0547680412371134,41.8319175940888,"No. replications: 10","E[N] =  ","Norig =  200","delta =  0","V =  0.01","Exponential",3000,"N =  3000"
"74",10,0.01,300,"pm",0,200,"normal",2048,0.100732421875,0.025732421875,0.999091734786558,0.503159303769698,0.05078125,41.8492333693535,"No. replications: 10","E[N] =  ","Norig =  200","delta =  0","V =  0.01","Normal",3000,"N =  3000"
"75",10,0.01,300,"pm",0,200,"t.scaled",1024,0.06083984375,0.01083984375,1,0.510707694074003,0.064453125,56.4534372556653,"No. replications: 10","E[N] =  ","Norig =  200","delta =  0","V =  0.01","t",3000,"N =  3000"
"76",10,0.01,300,"pm",0,200,"unif2",1024,0.1166015625,0.0666015625,1,0.483848030034064,0.0458984375,40.9892279975806,"No. replications: 10","E[N] =  ","Norig =  200","delta =  0","V =  0.01","Uniform mixture",3000,"N =  3000"
"77",10,0.01,300,"reml",0,200,"expo",1552,0.0853737113402062,0.0183634020618557,1,0.512211495132684,0.0554123711340206,41.5718227149882,"No. replications: 10","E[N] =  ","Norig =  200","delta =  0","V =  0.01","Exponential",3000,"N =  3000"
"78",10,0.01,300,"reml",0,200,"normal",2048,0.100732421875,0.025732421875,0.999091734786558,0.50290931972442,0.05078125,41.7207269209209,"No. replications: 10","E[N] =  ","Norig =  200","delta =  0","V =  0.01","Normal",3000,"N =  3000"
"79",10,0.01,300,"reml",0,200,"t.scaled",1024,0.06083984375,0.01083984375,1,0.510357927970019,0.064453125,56.3190677587574,"No. replications: 10","E[N] =  ","Norig =  200","delta =  0","V =  0.01","t",3000,"N =  3000"
"80",10,0.01,300,"reml",0,200,"unif2",1024,0.1166015625,0.0666015625,1,0.483612915920643,0.0458984375,40.8697799088449,"No. replications: 10","E[N] =  ","Norig =  200","delta =  0","V =  0.01","Uniform mixture",3000,"N =  3000"
"81",10,0.25,50,"pm",0,200,"expo",1024,0.0521484375,0.0021484375,1,0.502487549006569,0.087890625,64.9764059664924,"No. replications: 10","E[N] =  ","Norig =  200","delta =  0","V =  0.25","Exponential",500,"N =  500"
"82",10,0.25,50,"pm",0,200,"normal",1904,0.0719537815126051,-0.00493697478991597,1,0.48180808253935,0.0919117647058824,67.9426617412608,"No. replications: 10","E[N] =  ","Norig =  200","delta =  0","V =  0.25","Normal",500,"N =  500"
"83",10,0.25,50,"pm",0,200,"t.scaled",1024,0.04970703125,-0.000292968750000001,1,0.520104762473461,0.0986328125,80.6012381557638,"No. replications: 10","E[N] =  ","Norig =  200","delta =  0","V =  0.25","t",500,"N =  500"
"84",10,0.25,50,"pm",0,200,"unif2",1024,0.0875,0.0375,1,0.401684987321079,0.0625,70.535018303473,"No. replications: 10","E[N] =  ","Norig =  200","delta =  0","V =  0.25","Uniform mixture",500,"N =  500"
"85",10,0.25,50,"reml",0,200,"expo",1024,0.0521484375,0.0021484375,1,0.497414883551773,0.087890625,64.0981474455286,"No. replications: 10","E[N] =  ","Norig =  200","delta =  0","V =  0.25","Exponential",500,"N =  500"
"86",10,0.25,50,"reml",0,200,"normal",1904,0.0719537815126051,-0.00493697478991597,1,0.479257511654853,0.092436974789916,67.4907055968925,"No. replications: 10","E[N] =  ","Norig =  200","delta =  0","V =  0.25","Normal",500,"N =  500"
"87",10,0.25,50,"reml",0,200,"t.scaled",1024,0.04970703125,-0.000292968750000001,1,0.516993266107109,0.1005859375,80.2404865322687,"No. replications: 10","E[N] =  ","Norig =  200","delta =  0","V =  0.25","t",500,"N =  500"
"88",10,0.25,50,"reml",0,200,"unif2",1024,0.0875,0.0375,1,0.399757041046205,0.0634765625,70.2526217373564,"No. replications: 10","E[N] =  ","Norig =  200","delta =  0","V =  0.25","Uniform mixture",500,"N =  500"
"89",10,0.25,300,"pm",0,200,"expo",1024,0.04501953125,-0.00498046875,0.994594594594595,0.483778608483119,0.083984375,90.0438104322893,"No. replications: 10","E[N] =  ","Norig =  200","delta =  0","V =  0.25","Exponential",3000,"N =  3000"
"90",10,0.25,300,"pm",0,200,"normal",2048,0.07783203125,0.00283203125,0.998129092609916,0.490425428248481,0.0751953125,93.0979641429652,"No. replications: 10","E[N] =  ","Norig =  200","delta =  0","V =  0.25","Normal",3000,"N =  3000"
"91",10,0.25,300,"pm",0,200,"t.scaled",1024,0.049609375,-0.000390625000000001,1,0.519780063448212,0.1005859375,96.0433813054973,"No. replications: 10","E[N] =  ","Norig =  200","delta =  0","V =  0.25","t",3000,"N =  3000"
"92",10,0.25,300,"pm",0,200,"unif2",1024,0.06650390625,0.01650390625,1,0.421281608410672,0.0302734375,94.1631585125283,"No. replications: 10","E[N] =  ","Norig =  200","delta =  0","V =  0.25","Uniform mixture",3000,"N =  3000"
"93",10,0.25,300,"reml",0,200,"expo",1024,0.04501953125,-0.00498046875,0.994594594594595,0.482948707693085,0.0849609375,89.9942908045952,"No. replications: 10","E[N] =  ","Norig =  200","delta =  0","V =  0.25","Exponential",3000,"N =  3000"
"94",10,0.25,300,"reml",0,200,"normal",2048,0.07783203125,0.00283203125,0.998129092609916,0.49012930587816,0.0751953125,93.0827223040599,"No. replications: 10","E[N] =  ","Norig =  200","delta =  0","V =  0.25","Normal",3000,"N =  3000"
"95",10,0.25,300,"reml",0,200,"t.scaled",1024,0.049609375,-0.000390625000000001,1,0.519333426813088,0.1015625,96.0319121831863,"No. replications: 10","E[N] =  ","Norig =  200","delta =  0","V =  0.25","t",3000,"N =  3000"
"96",10,0.25,300,"reml",0,200,"unif2",1024,0.06650390625,0.01650390625,1,0.421182481357393,0.0302734375,94.1611737620389,"No. replications: 10","E[N] =  ","Norig =  200","delta =  0","V =  0.25","Uniform mixture",3000,"N =  3000"
"97",15,0.002,50,"pm",0,200,"expo",1024,0.27109375,0.22109375,0.996539792387543,0.58849470862118,0.013671875,21.7898909613963,"No. replications: 15","E[N] =  ","Norig =  200","delta =  0","V =  0.002","Exponential",750,"N =  750"
"98",15,0.002,50,"pm",0,200,"normal",2048,0.3255859375,0.2505859375,0.998898071625344,0.593249033681096,0.01220703125,21.6278575693538,"No. replications: 15","E[N] =  ","Norig =  200","delta =  0","V =  0.002","Normal",750,"N =  750"
"99",15,0.002,50,"pm",0,200,"t.scaled",1024,0.2345703125,0.1845703125,1,0.580927116005134,0.0234375,23.4756562732196,"No. replications: 15","E[N] =  ","Norig =  200","delta =  0","V =  0.002","t",750,"N =  750"
"100",15,0.002,50,"pm",0,200,"unif2",1024,0.3369140625,0.2869140625,0.996659242761693,0.590727807675024,0.0126953125,20.8709009114088,"No. replications: 15","E[N] =  ","Norig =  200","delta =  0","V =  0.002","Uniform mixture",750,"N =  750"
"101",15,0.002,50,"reml",0,200,"expo",1024,0.27109375,0.22109375,0.996539792387543,0.582822181547374,0.0146484375,20.4656223912311,"No. replications: 15","E[N] =  ","Norig =  200","delta =  0","V =  0.002","Exponential",750,"N =  750"
"102",15,0.002,50,"reml",0,200,"normal",2048,0.3255859375,0.2505859375,0.998898071625344,0.587972607272594,0.01416015625,20.3573226647258,"No. replications: 15","E[N] =  ","Norig =  200","delta =  0","V =  0.002","Normal",750,"N =  750"
"103",15,0.002,50,"reml",0,200,"t.scaled",1024,0.2345703125,0.1845703125,1,0.57539111452104,0.0244140625,22.158845227959,"No. replications: 15","E[N] =  ","Norig =  200","delta =  0","V =  0.002","t",750,"N =  750"
"104",15,0.002,50,"reml",0,200,"unif2",1024,0.3369140625,0.2869140625,0.996659242761693,0.585889850018237,0.013671875,19.6892759269749,"No. replications: 15","E[N] =  ","Norig =  200","delta =  0","V =  0.002","Uniform mixture",750,"N =  750"
"105",15,0.002,300,"pm",0,200,"expo",1536,0.145876736111111,0.0792100694444445,0.99909008189263,0.52590012347767,0.0377604166666667,25.7621918196054,"No. replications: 15","E[N] =  ","Norig =  200","delta =  0","V =  0.002","Exponential",4500,"N =  4500"
"106",15,0.002,300,"pm",0,200,"normal",2048,0.180110677083333,0.105110677083333,0.996277915632754,0.521852604511714,0.04638671875,26.0107856833791,"No. replications: 15","E[N] =  ","Norig =  200","delta =  0","V =  0.002","Normal",4500,"N =  4500"
"107",15,0.002,300,"pm",0,200,"t.scaled",1024,0.1140625,0.0640625,0.99568345323741,0.504350818712138,0.046875,33.7651682598795,"No. replications: 15","E[N] =  ","Norig =  200","delta =  0","V =  0.002","t",4500,"N =  4500"
"108",15,0.002,300,"pm",0,200,"unif2",1024,0.20546875,0.15546875,0.996372430471584,0.53137336493868,0.029296875,25.7871642060927,"No. replications: 15","E[N] =  ","Norig =  200","delta =  0","V =  0.002","Uniform mixture",4500,"N =  4500"
"109",15,0.002,300,"reml",0,200,"expo",1536,0.145876736111111,0.0792100694444445,0.99909008189263,0.525508695961535,0.0390625,25.5067156353346,"No. replications: 15","E[N] =  ","Norig =  200","delta =  0","V =  0.002","Exponential",4500,"N =  4500"
"110",15,0.002,300,"reml",0,200,"normal",2048,0.180110677083333,0.105110677083333,0.996277915632754,0.521546143067402,0.04638671875,25.8067110589752,"No. replications: 15","E[N] =  ","Norig =  200","delta =  0","V =  0.002","Normal",4500,"N =  4500"
"111",15,0.002,300,"reml",0,200,"t.scaled",1024,0.1140625,0.0640625,0.99568345323741,0.503974227976222,0.046875,33.5613044133205,"No. replications: 15","E[N] =  ","Norig =  200","delta =  0","V =  0.002","t",4500,"N =  4500"
"112",15,0.002,300,"reml",0,200,"unif2",1024,0.20546875,0.15546875,0.996372430471584,0.531070273122437,0.0302734375,25.5652193294085,"No. replications: 15","E[N] =  ","Norig =  200","delta =  0","V =  0.002","Uniform mixture",4500,"N =  4500"
"113",15,0.01,50,"pm",0,200,"expo",1024,0.123763020833333,0.0737630208333333,0.996955859969559,0.56729663870437,0.037109375,24.0716758602098,"No. replications: 15","E[N] =  ","Norig =  200","delta =  0","V =  0.01","Exponential",750,"N =  750"
"114",15,0.01,50,"pm",0,200,"normal",928,0.175359195402299,0.114152298850575,1,0.578458093052887,0.0204741379310345,24.5047831302975,"No. replications: 15","E[N] =  ","Norig =  200","delta =  0","V =  0.01","Normal",750,"N =  750"
"115",15,0.01,50,"pm",0,200,"t.scaled",1024,0.112369791666667,0.0623697916666667,0.995601173020528,0.55740096337453,0.0341796875,29.8254326519068,"No. replications: 15","E[N] =  ","Norig =  200","delta =  0","V =  0.01","t",750,"N =  750"
"116",15,0.01,50,"pm",0,200,"unif2",1024,0.196940104166667,0.146940104166667,0.998766954377312,0.544777242013629,0.0244140625,24.212880185087,"No. replications: 15","E[N] =  ","Norig =  200","delta =  0","V =  0.01","Uniform mixture",750,"N =  750"
"117",15,0.01,50,"reml",0,200,"expo",1024,0.123763020833333,0.0737630208333333,0.996955859969559,0.561655830628563,0.0400390625,22.7416248440722,"No. replications: 15","E[N] =  ","Norig =  200","delta =  0","V =  0.01","Exponential",750,"N =  750"
"118",15,0.01,50,"reml",0,200,"normal",928,0.175359195402299,0.114152298850575,1,0.573523550601143,0.0237068965517241,23.3040744914349,"No. replications: 15","E[N] =  ","Norig =  200","delta =  0","V =  0.01","Normal",750,"N =  750"
"119",15,0.01,50,"reml",0,200,"t.scaled",1024,0.112369791666667,0.0623697916666667,0.995601173020528,0.552103142208608,0.0341796875,28.5555755992639,"No. replications: 15","E[N] =  ","Norig =  200","delta =  0","V =  0.01","t",750,"N =  750"
"120",15,0.01,50,"reml",0,200,"unif2",1024,0.196940104166667,0.146940104166667,0.998766954377312,0.539249911301479,0.02734375,22.9625746039938,"No. replications: 15","E[N] =  ","Norig =  200","delta =  0","V =  0.01","Uniform mixture",750,"N =  750"
"121",15,0.01,300,"pm",0,200,"expo",1488,0.0715501792114695,0.00595878136200718,0.998751560549313,0.509613484943126,0.0510752688172043,41.3703829360109,"No. replications: 15","E[N] =  ","Norig =  200","delta =  0","V =  0.01","Exponential",4500,"N =  4500"
"122",15,0.01,300,"pm",0,200,"normal",2048,0.0887044270833333,0.0137044270833333,0.997622820919176,0.512005214375356,0.052734375,41.0433442176018,"No. replications: 15","E[N] =  ","Norig =  200","delta =  0","V =  0.01","Normal",4500,"N =  4500"
"123",15,0.01,300,"pm",0,200,"t.scaled",1024,0.0603515625,0.0103515625,0.992673992673993,0.522080265420597,0.0634765625,57.7285840982323,"No. replications: 15","E[N] =  ","Norig =  200","delta =  0","V =  0.01","t",4500,"N =  4500"
"124",15,0.01,300,"pm",0,200,"unif2",512,0.111979166666667,0.0619791666666667,0.994082840236686,0.470780451906963,0.05859375,39.3884065995459,"No. replications: 15","E[N] =  ","Norig =  200","delta =  0","V =  0.01","Uniform mixture",4500,"N =  4500"
"125",15,0.01,300,"reml",0,200,"expo",1488,0.0715501792114695,0.00595878136200718,0.998751560549313,0.50885364389964,0.0510752688172043,41.0301158104823,"No. replications: 15","E[N] =  ","Norig =  200","delta =  0","V =  0.01","Exponential",4500,"N =  4500"
"126",15,0.01,300,"reml",0,200,"normal",2048,0.0887044270833333,0.0137044270833333,0.997622820919176,0.511710113552756,0.05322265625,40.8941591168817,"No. replications: 15","E[N] =  ","Norig =  200","delta =  0","V =  0.01","Normal",4500,"N =  4500"
"127",15,0.01,300,"reml",0,200,"t.scaled",1024,0.0603515625,0.0103515625,0.992673992673993,0.52160614427852,0.0634765625,57.5800568805801,"No. replications: 15","E[N] =  ","Norig =  200","delta =  0","V =  0.01","t",4500,"N =  4500"
"128",15,0.01,300,"reml",0,200,"unif2",512,0.111979166666667,0.0619791666666667,0.994082840236686,0.470477627394495,0.060546875,39.2239303512031,"No. replications: 15","E[N] =  ","Norig =  200","delta =  0","V =  0.01","Uniform mixture",4500,"N =  4500"
"129",15,0.25,50,"pm",0,200,"expo",1024,0.0401041666666666,-0.00989583333333333,1,0.516071343219124,0.08203125,66.0649396512372,"No. replications: 15","E[N] =  ","Norig =  200","delta =  0","V =  0.25","Exponential",750,"N =  750"
"130",15,0.25,50,"pm",0,200,"normal",1936,0.0758264462809917,-0.000619834710743791,0.998281786941581,0.47783511012746,0.0878099173553719,69.9338211986216,"No. replications: 15","E[N] =  ","Norig =  200","delta =  0","V =  0.25","Normal",750,"N =  750"
"131",15,0.25,50,"pm",0,200,"t.scaled",1024,0.0487630208333333,-0.00123697916666666,0.99624765478424,0.525401012757827,0.0908203125,82.7950304271826,"No. replications: 15","E[N] =  ","Norig =  200","delta =  0","V =  0.25","t",750,"N =  750"
"132",15,0.25,50,"pm",0,200,"unif2",1024,0.085546875,0.035546875,0.988555078683834,0.395229118465473,0.0361328125,71.9600367047511,"No. replications: 15","E[N] =  ","Norig =  200","delta =  0","V =  0.25","Uniform mixture",750,"N =  750"
"133",15,0.25,50,"reml",0,200,"expo",1024,0.0401041666666666,-0.00989583333333333,1,0.509277043360551,0.083984375,64.9389182362735,"No. replications: 15","E[N] =  ","Norig =  200","delta =  0","V =  0.25","Exponential",750,"N =  750"
"134",15,0.25,50,"reml",0,200,"normal",1936,0.0758264462809917,-0.000619834710743791,0.998281786941581,0.474861269132428,0.0888429752066116,69.4437587053547,"No. replications: 15","E[N] =  ","Norig =  200","delta =  0","V =  0.25","Normal",750,"N =  750"
"135",15,0.25,50,"reml",0,200,"t.scaled",1024,0.0487630208333333,-0.00123697916666666,0.99624765478424,0.520851684956308,0.091796875,82.3637737183363,"No. replications: 15","E[N] =  ","Norig =  200","delta =  0","V =  0.25","t",750,"N =  750"
"136",15,0.25,50,"reml",0,200,"unif2",1024,0.085546875,0.035546875,0.988555078683834,0.392944604527391,0.0380859375,71.6604873448806,"No. replications: 15","E[N] =  ","Norig =  200","delta =  0","V =  0.25","Uniform mixture",750,"N =  750"
"137",15,0.25,300,"pm",0,200,"expo",1024,0.0445963541666666,-0.00540364583333333,0.997991967871486,0.503453164614154,0.078125,91.6514176592364,"No. replications: 15","E[N] =  ","Norig =  200","delta =  0","V =  0.25","Exponential",4500,"N =  4500"
"138",15,0.25,300,"pm",0,200,"normal",2048,0.0728515625,-0.00214843749999999,0.998475609756098,0.483065750637559,0.06640625,93.7143691037754,"No. replications: 15","E[N] =  ","Norig =  200","delta =  0","V =  0.25","Normal",4500,"N =  4500"
"139",15,0.25,300,"pm",0,200,"t.scaled",1024,0.0520833333333333,0.00208333333333334,0.996309963099631,0.540143469248575,0.087890625,96.6971809721039,"No. replications: 15","E[N] =  ","Norig =  200","delta =  0","V =  0.25","t",4500,"N =  4500"
"140",15,0.25,300,"pm",0,200,"unif2",1024,0.0676432291666666,0.0176432291666667,0.981623277182236,0.407209551066537,0.021484375,94.4845127526981,"No. replications: 15","E[N] =  ","Norig =  200","delta =  0","V =  0.25","Uniform mixture",4500,"N =  4500"
"141",15,0.25,300,"reml",0,200,"expo",1024,0.0445963541666666,-0.00540364583333333,0.997991967871486,0.502362460433281,0.0791015625,91.5957812259704,"No. replications: 15","E[N] =  ","Norig =  200","delta =  0","V =  0.25","Exponential",4500,"N =  4500"
"142",15,0.25,300,"reml",0,200,"normal",2048,0.0728515625,-0.00214843749999999,0.998475609756098,0.482706438675668,0.06689453125,93.6988403729964,"No. replications: 15","E[N] =  ","Norig =  200","delta =  0","V =  0.25","Normal",4500,"N =  4500"
"143",15,0.25,300,"reml",0,200,"t.scaled",1024,0.0520833333333333,0.00208333333333334,0.996309963099631,0.539522154233108,0.087890625,96.6844236032491,"No. replications: 15","E[N] =  ","Norig =  200","delta =  0","V =  0.25","t",4500,"N =  4500"
"144",15,0.25,300,"reml",0,200,"unif2",1024,0.0676432291666666,0.0176432291666667,0.981623277182236,0.407085839743966,0.021484375,94.4805421666812,"No. replications: 15","E[N] =  ","Norig =  200","delta =  0","V =  0.25","Uniform mixture",4500,"N =  4500"
"145",20,0.002,50,"pm",0,200,"expo",1024,0.236669921875,0.186669921875,0.995271867612293,0.582656567605983,0.0205078125,19.3556842239261,"No. replications: 20","E[N] =  ","Norig =  200","delta =  0","V =  0.002","Exponential",1000,"N =  1000"
"146",20,0.002,50,"pm",0,200,"normal",2032,0.28626968503937,0.211072834645669,0.997162315550511,0.587689820245451,0.0191929133858268,18.8578974270627,"No. replications: 20","E[N] =  ","Norig =  200","delta =  0","V =  0.002","Normal",1000,"N =  1000"
"147",20,0.002,50,"pm",0,200,"t.scaled",1024,0.23232421875,0.18232421875,0.997647058823529,0.589405497869937,0.02734375,20.9068152558372,"No. replications: 20","E[N] =  ","Norig =  200","delta =  0","V =  0.002","t",1000,"N =  1000"
"148",20,0.002,50,"pm",0,200,"unif2",1024,0.3095703125,0.2595703125,0.992239467849224,0.574204751961071,0.0205078125,18.7080238843634,"No. replications: 20","E[N] =  ","Norig =  200","delta =  0","V =  0.002","Uniform mixture",1000,"N =  1000"
"149",20,0.002,50,"reml",0,200,"expo",1024,0.236669921875,0.186669921875,0.995271867612293,0.577127505978411,0.0234375,18.0523568559138,"No. replications: 20","E[N] =  ","Norig =  200","delta =  0","V =  0.002","Exponential",1000,"N =  1000"
"150",20,0.002,50,"reml",0,200,"normal",2032,0.28626968503937,0.211072834645669,0.997162315550511,0.581875326951883,0.0206692913385827,17.5657389730724,"No. replications: 20","E[N] =  ","Norig =  200","delta =  0","V =  0.002","Normal",1000,"N =  1000"
"151",20,0.002,50,"reml",0,200,"t.scaled",1024,0.23232421875,0.18232421875,0.997647058823529,0.583373460978592,0.029296875,19.5002032044487,"No. replications: 20","E[N] =  ","Norig =  200","delta =  0","V =  0.002","t",1000,"N =  1000"
"152",20,0.002,50,"reml",0,200,"unif2",1024,0.3095703125,0.2595703125,0.992239467849224,0.568262193229286,0.0224609375,17.394035366159,"No. replications: 20","E[N] =  ","Norig =  200","delta =  0","V =  0.002","Uniform mixture",1000,"N =  1000"
"153",20,0.002,300,"pm",0,200,"expo",1536,0.129296875,0.0626302083333333,0.998193315266486,0.51196919733927,0.0455729166666667,23.7595421117355,"No. replications: 20","E[N] =  ","Norig =  200","delta =  0","V =  0.002","Exponential",6000,"N =  6000"
"154",20,0.002,300,"pm",0,200,"normal",2048,0.1642578125,0.0892578125,1,0.514933249002114,0.0419921875,23.7782927932679,"No. replications: 20","E[N] =  ","Norig =  200","delta =  0","V =  0.002","Normal",6000,"N =  6000"
"155",20,0.002,300,"pm",0,200,"t.scaled",1024,0.101513671875,0.051513671875,0.995726495726496,0.515477237406011,0.0517578125,31.0653881768013,"No. replications: 20","E[N] =  ","Norig =  200","delta =  0","V =  0.002","t",6000,"N =  6000"
"156",20,0.002,300,"pm",0,200,"unif2",1024,0.178759765625,0.128759765625,0.995133819951338,0.509604205243611,0.0419921875,22.8069660081272,"No. replications: 20","E[N] =  ","Norig =  200","delta =  0","V =  0.002","Uniform mixture",6000,"N =  6000"
"157",20,0.002,300,"reml",0,200,"expo",1536,0.129296875,0.0626302083333333,0.998193315266486,0.511551854781213,0.0455729166666667,23.4694271723825,"No. replications: 20","E[N] =  ","Norig =  200","delta =  0","V =  0.002","Exponential",6000,"N =  6000"
"158",20,0.002,300,"reml",0,200,"normal",2048,0.1642578125,0.0892578125,1,0.514610674963566,0.04248046875,23.5686691152387,"No. replications: 20","E[N] =  ","Norig =  200","delta =  0","V =  0.002","Normal",6000,"N =  6000"
"159",20,0.002,300,"reml",0,200,"t.scaled",1024,0.101513671875,0.051513671875,0.995726495726496,0.515068424386387,0.05078125,30.8365183276004,"No. replications: 20","E[N] =  ","Norig =  200","delta =  0","V =  0.002","t",6000,"N =  6000"
"160",20,0.002,300,"reml",0,200,"unif2",1024,0.178759765625,0.128759765625,0.995133819951338,0.509328886993509,0.0419921875,22.6130229013807,"No. replications: 20","E[N] =  ","Norig =  200","delta =  0","V =  0.002","Uniform mixture",6000,"N =  6000"
"161",20,0.01,50,"pm",0,200,"expo",1024,0.106005859375,0.056005859375,1,0.551142347193203,0.046875,21.5244814018077,"No. replications: 20","E[N] =  ","Norig =  200","delta =  0","V =  0.01","Exponential",1000,"N =  1000"
"162",20,0.01,50,"pm",0,200,"normal",1712,0.167815420560748,0.0879088785046729,0.995444191343964,0.556887907730163,0.0327102803738318,22.1878174396873,"No. replications: 20","E[N] =  ","Norig =  200","delta =  0","V =  0.01","Normal",1000,"N =  1000"
"163",20,0.01,50,"pm",0,200,"t.scaled",1024,0.1060546875,0.0560546875,0.99163179916318,0.548301439817495,0.046875,29.4515996017547,"No. replications: 20","E[N] =  ","Norig =  200","delta =  0","V =  0.01","t",1000,"N =  1000"
"164",20,0.01,50,"pm",0,200,"unif2",1024,0.196484375,0.146484375,0.996415770609319,0.534139131171998,0.0361328125,22.8711134403632,"No. replications: 20","E[N] =  ","Norig =  200","delta =  0","V =  0.01","Uniform mixture",1000,"N =  1000"
"165",20,0.01,50,"reml",0,200,"expo",1024,0.106005859375,0.056005859375,1,0.544756937231539,0.0517578125,20.0201372555842,"No. replications: 20","E[N] =  ","Norig =  200","delta =  0","V =  0.01","Exponential",1000,"N =  1000"
"166",20,0.01,50,"reml",0,200,"normal",1712,0.167815420560748,0.0879088785046729,0.995444191343964,0.550731194668719,0.0356308411214953,20.8004654008302,"No. replications: 20","E[N] =  ","Norig =  200","delta =  0","V =  0.01","Normal",1000,"N =  1000"
"167",20,0.01,50,"reml",0,200,"t.scaled",1024,0.1060546875,0.0560546875,0.99163179916318,0.542017797010356,0.0517578125,28.0725347426816,"No. replications: 20","E[N] =  ","Norig =  200","delta =  0","V =  0.01","t",1000,"N =  1000"
"168",20,0.01,50,"reml",0,200,"unif2",1024,0.196484375,0.146484375,0.996415770609319,0.528150598840126,0.0380859375,21.5891227359236,"No. replications: 20","E[N] =  ","Norig =  200","delta =  0","V =  0.01","Uniform mixture",1000,"N =  1000"
"169",20,0.01,300,"pm",0,200,"expo",1216,0.0707648026315789,0.000370065789473684,1,0.514084728682754,0.0534539473684211,39.8851498685001,"No. replications: 20","E[N] =  ","Norig =  200","delta =  0","V =  0.01","Exponential",6000,"N =  6000"
"170",20,0.01,300,"pm",0,200,"normal",2048,0.0822265625,0.0072265625,0.99850411368736,0.508329197885013,0.0537109375,39.2461873818508,"No. replications: 20","E[N] =  ","Norig =  200","delta =  0","V =  0.01","Normal",6000,"N =  6000"
"171",20,0.01,300,"pm",0,200,"t.scaled",1024,0.056591796875,0.006591796875,0.998330550918197,0.530896608565764,0.060546875,57.9987986753926,"No. replications: 20","E[N] =  ","Norig =  200","delta =  0","V =  0.01","t",6000,"N =  6000"
"172",20,0.01,300,"pm",0,200,"unif2",1024,0.098583984375,0.048583984375,0.995896032831737,0.506328855650074,0.05078125,39.9465135712872,"No. replications: 20","E[N] =  ","Norig =  200","delta =  0","V =  0.01","Uniform mixture",6000,"N =  6000"
"173",20,0.01,300,"reml",0,200,"expo",1216,0.0707648026315789,0.000370065789473684,1,0.513264820303535,0.0542763157894737,39.4981152262533,"No. replications: 20","E[N] =  ","Norig =  200","delta =  0","V =  0.01","Exponential",6000,"N =  6000"
"174",20,0.01,300,"reml",0,200,"normal",2048,0.0822265625,0.0072265625,0.99850411368736,0.507995287775526,0.0537109375,39.0716462733662,"No. replications: 20","E[N] =  ","Norig =  200","delta =  0","V =  0.01","Normal",6000,"N =  6000"
"175",20,0.01,300,"reml",0,200,"t.scaled",1024,0.056591796875,0.006591796875,0.998330550918197,0.530379202792445,0.060546875,57.8542900271002,"No. replications: 20","E[N] =  ","Norig =  200","delta =  0","V =  0.01","t",6000,"N =  6000"
"176",20,0.01,300,"reml",0,200,"unif2",1024,0.098583984375,0.048583984375,0.995896032831737,0.506072625589754,0.05078125,39.8072622404131,"No. replications: 20","E[N] =  ","Norig =  200","delta =  0","V =  0.01","Uniform mixture",6000,"N =  6000"
"177",20,0.25,50,"pm",0,200,"expo",1024,0.039111328125,-0.010888671875,1,0.516339892628311,0.0771484375,67.2376721627654,"No. replications: 20","E[N] =  ","Norig =  200","delta =  0","V =  0.25","Exponential",1000,"N =  1000"
"178",20,0.25,50,"pm",0,200,"normal",1680,0.0749702380952381,-0.00264880952380952,1,0.497901518189412,0.0738095238095238,71.2855880525999,"No. replications: 20","E[N] =  ","Norig =  200","delta =  0","V =  0.25","Normal",1000,"N =  1000"
"179",20,0.25,50,"pm",0,200,"t.scaled",928,0.0451508620689655,-0.00484913793103448,1,0.54862367954596,0.0743534482758621,83.5567966024708,"No. replications: 20","E[N] =  ","Norig =  200","delta =  0","V =  0.25","t",1000,"N =  1000"
"180",20,0.25,50,"pm",0,200,"unif2",1024,0.08466796875,0.03466796875,0.991048593350384,0.404766361437186,0.0361328125,72.8961544467771,"No. replications: 20","E[N] =  ","Norig =  200","delta =  0","V =  0.25","Uniform mixture",1000,"N =  1000"
"181",20,0.25,50,"reml",0,200,"expo",1024,0.039111328125,-0.010888671875,1,0.508557827289939,0.0771484375,66.0137332804361,"No. replications: 20","E[N] =  ","Norig =  200","delta =  0","V =  0.25","Exponential",1000,"N =  1000"
"182",20,0.25,50,"reml",0,200,"normal",1680,0.0749702380952381,-0.00264880952380952,1,0.494782928871676,0.0773809523809524,70.7920563868129,"No. replications: 20","E[N] =  ","Norig =  200","delta =  0","V =  0.25","Normal",1000,"N =  1000"
"183",20,0.25,50,"reml",0,200,"t.scaled",928,0.0451508620689655,-0.00484913793103448,1,0.543587611388726,0.0765086206896552,83.0932567853458,"No. replications: 20","E[N] =  ","Norig =  200","delta =  0","V =  0.25","t",1000,"N =  1000"
"184",20,0.25,50,"reml",0,200,"unif2",1024,0.08466796875,0.03466796875,0.991048593350384,0.402470501357674,0.03515625,72.6200234140768,"No. replications: 20","E[N] =  ","Norig =  200","delta =  0","V =  0.25","Uniform mixture",1000,"N =  1000"
"185",20,0.25,300,"pm",0,200,"expo",1264,0.0589794303797468,-0.000514240506329114,1,0.520917078070791,0.064873417721519,92.8689484228632,"No. replications: 20","E[N] =  ","Norig =  200","delta =  0","V =  0.25","Exponential",6000,"N =  6000"
"186",20,0.25,300,"pm",0,200,"normal",1536,0.0666015625,-6.5104166666667e-05,0.998171846435101,0.492331074982001,0.0690104166666667,94.0556831004477,"No. replications: 20","E[N] =  ","Norig =  200","delta =  0","V =  0.25","Normal",6000,"N =  6000"
"187",20,0.25,300,"pm",0,200,"t.scaled",1024,0.047705078125,-0.002294921875,1,0.540056930071204,0.0712890625,97.0074205755158,"No. replications: 20","E[N] =  ","Norig =  200","delta =  0","V =  0.25","t",6000,"N =  6000"
"188",20,0.25,300,"pm",0,200,"unif2",1024,0.0666015625,0.0166015625,0.993386243386243,0.399150256994747,0.0166015625,94.4869105041242,"No. replications: 20","E[N] =  ","Norig =  200","delta =  0","V =  0.25","Uniform mixture",6000,"N =  6000"
"189",20,0.25,300,"reml",0,200,"expo",1264,0.0589794303797468,-0.000514240506329114,1,0.519607806276226,0.0656645569620253,92.8118720761135,"No. replications: 20","E[N] =  ","Norig =  200","delta =  0","V =  0.25","Exponential",6000,"N =  6000"
"190",20,0.25,300,"reml",0,200,"normal",1536,0.0666015625,-6.5104166666667e-05,0.998171846435101,0.491926908896082,0.0690104166666667,94.0390195107824,"No. replications: 20","E[N] =  ","Norig =  200","delta =  0","V =  0.25","Normal",6000,"N =  6000"
"191",20,0.25,300,"reml",0,200,"t.scaled",1024,0.047705078125,-0.002294921875,1,0.539273701473033,0.0732421875,96.9938044904675,"No. replications: 20","E[N] =  ","Norig =  200","delta =  0","V =  0.25","t",6000,"N =  6000"
"192",20,0.25,300,"reml",0,200,"unif2",1024,0.0666015625,0.0166015625,0.993386243386243,0.399015165746567,0.0166015625,94.4828808603404,"No. replications: 20","E[N] =  ","Norig =  200","delta =  0","V =  0.25","Uniform mixture",6000,"N =  6000"
"193",25,0.002,50,"pm",0,200,"expo",1024,0.2244140625,0.1744140625,0.991841491841492,0.572642447514508,0.0283203125,17.4007780023398,"No. replications: 25","E[N] =  ","Norig =  200","delta =  0","V =  0.002","Exponential",1250,"N =  1250"
"194",25,0.002,50,"pm",0,200,"normal",2048,0.27494140625,0.19994140625,0.992099322799097,0.573980229234665,0.02392578125,17.2378341623663,"No. replications: 25","E[N] =  ","Norig =  200","delta =  0","V =  0.002","Normal",1250,"N =  1250"
"195",25,0.002,50,"pm",0,200,"t.scaled",1024,0.208359375,0.158359375,0.996487119437939,0.569508004037592,0.02734375,18.7756526665073,"No. replications: 25","E[N] =  ","Norig =  200","delta =  0","V =  0.002","t",1250,"N =  1250"
"196",25,0.002,50,"pm",0,200,"unif2",1024,0.292109375,0.242109375,0.99554565701559,0.560738967742247,0.025390625,16.7948923357809,"No. replications: 25","E[N] =  ","Norig =  200","delta =  0","V =  0.002","Uniform mixture",1250,"N =  1250"
"197",25,0.002,50,"reml",0,200,"expo",1024,0.2244140625,0.1744140625,0.991841491841492,0.565833256772109,0.0302734375,15.9426566339235,"No. replications: 25","E[N] =  ","Norig =  200","delta =  0","V =  0.002","Exponential",1250,"N =  1250"
"198",25,0.002,50,"reml",0,200,"normal",2048,0.27494140625,0.19994140625,0.992099322799097,0.567657592576958,0.02734375,15.8393519333483,"No. replications: 25","E[N] =  ","Norig =  200","delta =  0","V =  0.002","Normal",1250,"N =  1250"
"199",25,0.002,50,"reml",0,200,"t.scaled",1024,0.208359375,0.158359375,0.996487119437939,0.563079973165423,0.0322265625,17.3504353864603,"No. replications: 25","E[N] =  ","Norig =  200","delta =  0","V =  0.002","t",1250,"N =  1250"
"200",25,0.002,50,"reml",0,200,"unif2",1024,0.292109375,0.242109375,0.99554565701559,0.554242298323672,0.0302734375,15.3928287536748,"No. replications: 25","E[N] =  ","Norig =  200","delta =  0","V =  0.002","Uniform mixture",1250,"N =  1250"
"201",25,0.002,300,"pm",0,200,"expo",2048,0.13267578125,0.05767578125,0.994163424124514,0.521151939415556,0.044921875,21.7365302716852,"No. replications: 25","E[N] =  ","Norig =  200","delta =  0","V =  0.002","Exponential",7500,"N =  7500"
"202",25,0.002,300,"pm",0,200,"normal",2048,0.15224609375,0.07724609375,0.993137866500312,0.512013904626395,0.04296875,22.3581089323847,"No. replications: 25","E[N] =  ","Norig =  200","delta =  0","V =  0.002","Normal",7500,"N =  7500"
"203",25,0.002,300,"pm",0,200,"t.scaled",1024,0.0983984375,0.0483984375,0.995940460081191,0.523760663280489,0.0390625,30.5162544713273,"No. replications: 25","E[N] =  ","Norig =  200","delta =  0","V =  0.002","t",7500,"N =  7500"
"204",25,0.002,300,"pm",0,200,"unif2",1024,0.1656640625,0.1156640625,0.997652582159624,0.526085908624135,0.037109375,22.1334266928547,"No. replications: 25","E[N] =  ","Norig =  200","delta =  0","V =  0.002","Uniform mixture",7500,"N =  7500"
"205",25,0.002,300,"reml",0,200,"expo",2048,0.13267578125,0.05767578125,0.994163424124514,0.520718335541676,0.044921875,21.4410776663901,"No. replications: 25","E[N] =  ","Norig =  200","delta =  0","V =  0.002","Exponential",7500,"N =  7500"
"206",25,0.002,300,"reml",0,200,"normal",2048,0.15224609375,0.07724609375,0.993137866500312,0.51168302687836,0.04296875,22.1239270762894,"No. replications: 25","E[N] =  ","Norig =  200","delta =  0","V =  0.002","Normal",7500,"N =  7500"
"207",25,0.002,300,"reml",0,200,"t.scaled",1024,0.0983984375,0.0483984375,0.995940460081191,0.523366898836505,0.0400390625,30.3065167324754,"No. replications: 25","E[N] =  ","Norig =  200","delta =  0","V =  0.002","t",7500,"N =  7500"
"208",25,0.002,300,"reml",0,200,"unif2",1024,0.1656640625,0.1156640625,0.997652582159624,0.525735862881225,0.037109375,21.8912893116198,"No. replications: 25","E[N] =  ","Norig =  200","delta =  0","V =  0.002","Uniform mixture",7500,"N =  7500"
"209",25,0.01,50,"pm",0,200,"expo",1024,0.094765625,0.044765625,0.998525073746313,0.556533812206035,0.0400390625,20.1477179500517,"No. replications: 25","E[N] =  ","Norig =  200","delta =  0","V =  0.01","Exponential",1250,"N =  1250"
"210",25,0.01,50,"pm",0,200,"normal",1840,0.159586956521739,0.0817608695652174,0.995771670190275,0.544669116189704,0.0456521739130435,20.2828137485953,"No. replications: 25","E[N] =  ","Norig =  200","delta =  0","V =  0.01","Normal",1250,"N =  1250"
"211",25,0.01,50,"pm",0,200,"t.scaled",1024,0.0940625,0.0440625,0.991537376586742,0.533196121163176,0.052734375,26.6551436957459,"No. replications: 25","E[N] =  ","Norig =  200","delta =  0","V =  0.01","t",1250,"N =  1250"
"212",25,0.01,50,"pm",0,200,"unif2",1024,0.156640625,0.106640625,0.99625,0.54916932946327,0.037109375,19.995032865653,"No. replications: 25","E[N] =  ","Norig =  200","delta =  0","V =  0.01","Uniform mixture",1250,"N =  1250"
"213",25,0.01,50,"reml",0,200,"expo",1024,0.094765625,0.044765625,0.998525073746313,0.549652526242903,0.044921875,18.571887235306,"No. replications: 25","E[N] =  ","Norig =  200","delta =  0","V =  0.01","Exponential",1250,"N =  1250"
"214",25,0.01,50,"reml",0,200,"normal",1840,0.159586956521739,0.0817608695652174,0.995771670190275,0.538318083116859,0.0478260869565217,18.9002869631508,"No. replications: 25","E[N] =  ","Norig =  200","delta =  0","V =  0.01","Normal",1250,"N =  1250"
"215",25,0.01,50,"reml",0,200,"t.scaled",1024,0.0940625,0.0440625,0.991537376586742,0.526858693367605,0.056640625,25.2098794548197,"No. replications: 25","E[N] =  ","Norig =  200","delta =  0","V =  0.01","t",1250,"N =  1250"
"216",25,0.01,50,"reml",0,200,"unif2",1024,0.156640625,0.106640625,0.99625,0.542964915566843,0.0390625,18.6527964166028,"No. replications: 25","E[N] =  ","Norig =  200","delta =  0","V =  0.01","Uniform mixture",1250,"N =  1250"
"217",25,0.01,300,"pm",0,200,"expo",1376,0.0576453488372093,-0.0051453488372093,0.995163240628779,0.527197459195162,0.0472383720930233,39.4282575495317,"No. replications: 25","E[N] =  ","Norig =  200","delta =  0","V =  0.01","Exponential",7500,"N =  7500"
"218",25,0.01,300,"pm",0,200,"normal",2048,0.0805078125,0.0055078125,0.996534996534997,0.500349199807891,0.05810546875,39.8274709616327,"No. replications: 25","E[N] =  ","Norig =  200","delta =  0","V =  0.01","Normal",7500,"N =  7500"
"219",25,0.01,300,"pm",0,200,"t.scaled",1024,0.05640625,0.00640625,0.998579545454545,0.523323216551815,0.0478515625,60.0859227038325,"No. replications: 25","E[N] =  ","Norig =  200","delta =  0","V =  0.01","t",7500,"N =  7500"
"220",25,0.01,300,"pm",0,200,"unif2",1024,0.0987890625,0.0487890625,0.989911727616646,0.512818476019165,0.04296875,39.3609290913967,"No. replications: 25","E[N] =  ","Norig =  200","delta =  0","V =  0.01","Uniform mixture",7500,"N =  7500"
"221",25,0.01,300,"reml",0,200,"expo",1376,0.0576453488372093,-0.0051453488372093,0.995163240628779,0.526316215245408,0.0472383720930233,39.0119878493763,"No. replications: 25","E[N] =  ","Norig =  200","delta =  0","V =  0.01","Exponential",7500,"N =  7500"
"222",25,0.01,300,"reml",0,200,"normal",2048,0.0805078125,0.0055078125,0.996534996534997,0.50000248699237,0.05810546875,39.6489163699152,"No. replications: 25","E[N] =  ","Norig =  200","delta =  0","V =  0.01","Normal",7500,"N =  7500"
"223",25,0.01,300,"reml",0,200,"t.scaled",1024,0.05640625,0.00640625,0.998579545454545,0.522665246648336,0.048828125,59.9172126093483,"No. replications: 25","E[N] =  ","Norig =  200","delta =  0","V =  0.01","t",7500,"N =  7500"
"224",25,0.01,300,"reml",0,200,"unif2",1024,0.0987890625,0.0487890625,0.989911727616646,0.512508429637984,0.04296875,39.1958244794054,"No. replications: 25","E[N] =  ","Norig =  200","delta =  0","V =  0.01","Uniform mixture",7500,"N =  7500"
"225",25,0.25,50,"pm",0,200,"expo",1024,0.0382421875,-0.0117578125,1,0.524304422186585,0.06640625,67.9366246944746,"No. replications: 25","E[N] =  ","Norig =  200","delta =  0","V =  0.25","Exponential",1250,"N =  1250"
"226",25,0.25,50,"pm",0,200,"normal",1152,0.0524305555555556,-0.00590277777777778,0.997392438070404,0.470547318324231,0.0763888888888889,71.8741990530724,"No. replications: 25","E[N] =  ","Norig =  200","delta =  0","V =  0.25","Normal",1250,"N =  1250"
"227",25,0.25,50,"pm",0,200,"t.scaled",1024,0.0461328125,-0.0038671875,0.995575221238938,0.547436038526886,0.06640625,84.3905108194075,"No. replications: 25","E[N] =  ","Norig =  200","delta =  0","V =  0.25","t",1250,"N =  1250"
"228",25,0.25,50,"pm",0,200,"unif2",1024,0.0873046875,0.0373046875,0.982497082847141,0.399344251275668,0.0205078125,73.0981079295674,"No. replications: 25","E[N] =  ","Norig =  200","delta =  0","V =  0.25","Uniform mixture",1250,"N =  1250"
"229",25,0.25,50,"reml",0,200,"expo",1024,0.0382421875,-0.0117578125,1,0.515566630481278,0.0693359375,66.550966369831,"No. replications: 25","E[N] =  ","Norig =  200","delta =  0","V =  0.25","Exponential",1250,"N =  1250"
"230",25,0.25,50,"reml",0,200,"normal",1152,0.0524305555555556,-0.00590277777777778,0.997392438070404,0.467228260869296,0.0824652777777778,71.3750422233324,"No. replications: 25","E[N] =  ","Norig =  200","delta =  0","V =  0.25","Normal",1250,"N =  1250"
"231",25,0.25,50,"reml",0,200,"t.scaled",1024,0.0461328125,-0.0038671875,0.995575221238938,0.541206901236315,0.0673828125,83.8611615137405,"No. replications: 25","E[N] =  ","Norig =  200","delta =  0","V =  0.25","t",1250,"N =  1250"
"232",25,0.25,50,"reml",0,200,"unif2",1024,0.0873046875,0.0373046875,0.982497082847141,0.396854626489051,0.0205078125,72.81248059518,"No. replications: 25","E[N] =  ","Norig =  200","delta =  0","V =  0.25","Uniform mixture",1250,"N =  1250"
"233",25,0.25,300,"pm",0,200,"expo",1360,0.0672352941176471,-0.001,0.99514091350826,0.514361169888087,0.0580882352941176,93.1847385623394,"No. replications: 25","E[N] =  ","Norig =  200","delta =  0","V =  0.25","Exponential",7500,"N =  7500"
"234",25,0.25,300,"pm",0,200,"normal",1376,0.0626162790697674,-0.000174418604651163,0.999036608863198,0.48379651222067,0.0552325581395349,94.1885582452459,"No. replications: 25","E[N] =  ","Norig =  200","delta =  0","V =  0.25","Normal",7500,"N =  7500"
"235",25,0.25,300,"pm",0,200,"t.scaled",1024,0.049296875,-0.000703125000000001,1,0.560227114875162,0.056640625,97.144912127498,"No. replications: 25","E[N] =  ","Norig =  200","delta =  0","V =  0.25","t",7500,"N =  7500"
"236",25,0.25,300,"pm",0,200,"unif2",1024,0.0687109375,0.0187109375,0.990453460620525,0.38093631541615,0.0126953125,94.549837381849,"No. replications: 25","E[N] =  ","Norig =  200","delta =  0","V =  0.25","Uniform mixture",7500,"N =  7500"
"237",25,0.25,300,"reml",0,200,"expo",1360,0.0672352941176471,-0.001,0.99514091350826,0.512893115667121,0.0580882352941176,93.1242030237702,"No. replications: 25","E[N] =  ","Norig =  200","delta =  0","V =  0.25","Exponential",7500,"N =  7500"
"238",25,0.25,300,"reml",0,200,"normal",1376,0.0626162790697674,-0.000174418604651163,0.999036608863198,0.483376413887948,0.0552325581395349,94.172016092089,"No. replications: 25","E[N] =  ","Norig =  200","delta =  0","V =  0.25","Normal",7500,"N =  7500"
"239",25,0.25,300,"reml",0,200,"t.scaled",1024,0.049296875,-0.000703125000000001,1,0.559316331980689,0.0576171875,97.1293919492228,"No. replications: 25","E[N] =  ","Norig =  200","delta =  0","V =  0.25","t",7500,"N =  7500"
"240",25,0.25,300,"reml",0,200,"unif2",1024,0.0687109375,0.0187109375,0.990453460620525,0.38080127316399,0.0126953125,94.5460447946445,"No. replications: 25","E[N] =  ","Norig =  200","delta =  0","V =  0.25","Uniform mixture",7500,"N =  7500"
