"k","V","minN","POrig.Method","delta","N.orig","true.effect.dist","n","Reject.mn","EstMean.mn","EstVar.mn","I2.mn","N.tot","k.pretty","N.tot.pretty","N.orig.pretty","delta.pretty","V.pretty","dist.pretty"
5,0.002,50,"pm",0,200,"expo",2048,0.009765625,0.496935088416102,0.0556096550813725,32.4877145298675,250,"No. replications: 5","N =  250","Norig =  200","delta =  0","V =  0.002","Exponential"
5,0.002,50,"pm",0,200,"normal",2272,0.0127640845070423,0.499446123863692,0.057320394598723,32.9031931155082,250,"No. replications: 5","N =  250","Norig =  200","delta =  0","V =  0.002","Normal"
5,0.002,50,"pm",0,200,"t.scaled",2048,0.01416015625,0.496593392967292,0.0634337171090127,34.3777482206246,250,"No. replications: 5","N =  250","Norig =  200","delta =  0","V =  0.002","t"
5,0.002,50,"pm",0,200,"unif2",2048,0.01318359375,0.501843010739196,0.0575829378116796,33.1882280759685,250,"No. replications: 5","N =  250","Norig =  200","delta =  0","V =  0.002","Uniform mixture"
5,0.002,50,"reml",0,200,"expo",2048,0.00927734375,0.496843778747679,0.0543964902987429,31.9360491910194,250,"No. replications: 5","N =  250","Norig =  200","delta =  0","V =  0.002","Exponential"
5,0.002,50,"reml",0,200,"normal",2272,0.0123239436619718,0.499348858465539,0.0560203643799418,32.3278571156257,250,"No. replications: 5","N =  250","Norig =  200","delta =  0","V =  0.002","Normal"
5,0.002,50,"reml",0,200,"t.scaled",2048,0.01513671875,0.496496378377816,0.0620639680697899,33.8091859582589,250,"No. replications: 5","N =  250","Norig =  200","delta =  0","V =  0.002","t"
5,0.002,50,"reml",0,200,"unif2",2048,0.0146484375,0.501743363090822,0.0562482619237901,32.5951262795874,250,"No. replications: 5","N =  250","Norig =  200","delta =  0","V =  0.002","Uniform mixture"
5,0.002,300,"pm",0,200,"expo",2048,0.029296875,0.501374473116118,0.0110301226604336,36.6915411447884,1500,"No. replications: 5","N =  1500","Norig =  200","delta =  0","V =  0.002","Exponential"
5,0.002,300,"pm",0,200,"normal",3072,0.0270182291666667,0.497528242184385,0.0109812439514775,36.7690036702741,1500,"No. replications: 5","N =  1500","Norig =  200","delta =  0","V =  0.002","Normal"
5,0.002,300,"pm",0,200,"t.scaled",2048,0.03857421875,0.499193205202297,0.0148818714333766,41.2410809192409,1500,"No. replications: 5","N =  1500","Norig =  200","delta =  0","V =  0.002","t"
5,0.002,300,"pm",0,200,"unif2",2048,0.02685546875,0.500019994821775,0.0103112355054692,35.2531748118998,1500,"No. replications: 5","N =  1500","Norig =  200","delta =  0","V =  0.002","Uniform mixture"
5,0.002,300,"reml",0,200,"expo",2048,0.02978515625,0.501371488798127,0.0109821638397853,36.5962506273788,1500,"No. replications: 5","N =  1500","Norig =  200","delta =  0","V =  0.002","Exponential"
5,0.002,300,"reml",0,200,"normal",3072,0.0276692708333333,0.497525850606844,0.0109480026975196,36.6871147771316,1500,"No. replications: 5","N =  1500","Norig =  200","delta =  0","V =  0.002","Normal"
5,0.002,300,"reml",0,200,"t.scaled",2048,0.0390625,0.499190439459159,0.0148295300954861,41.1587626399243,1500,"No. replications: 5","N =  1500","Norig =  200","delta =  0","V =  0.002","t"
5,0.002,300,"reml",0,200,"unif2",2048,0.02685546875,0.50001743279722,0.010275753885108,35.1643102881587,1500,"No. replications: 5","N =  1500","Norig =  200","delta =  0","V =  0.002","Uniform mixture"
5,0.01,50,"pm",0,200,"expo",2048,0.01708984375,0.501427726613647,0.0621923218154736,34.6999241967646,250,"No. replications: 5","N =  250","Norig =  200","delta =  0","V =  0.01","Exponential"
5,0.01,50,"pm",0,200,"normal",1728,0.0185185185185185,0.494918102283299,0.0632884054988253,35.2371531274377,250,"No. replications: 5","N =  250","Norig =  200","delta =  0","V =  0.01","Normal"
5,0.01,50,"pm",0,200,"t.scaled",2048,0.03955078125,0.499935184682762,0.0867980336614225,39.3852837453347,250,"No. replications: 5","N =  250","Norig =  200","delta =  0","V =  0.01","t"
5,0.01,50,"pm",0,200,"unif2",2048,0.02001953125,0.502172996007716,0.0613566630932715,34.6275640591431,250,"No. replications: 5","N =  250","Norig =  200","delta =  0","V =  0.01","Uniform mixture"
5,0.01,50,"reml",0,200,"expo",2048,0.01708984375,0.501322345575883,0.0607632569934035,34.0778948605712,250,"No. replications: 5","N =  250","Norig =  200","delta =  0","V =  0.01","Exponential"
5,0.01,50,"reml",0,200,"normal",1728,0.0190972222222222,0.494821174659033,0.0619278075954864,34.6699111025857,250,"No. replications: 5","N =  250","Norig =  200","delta =  0","V =  0.01","Normal"
5,0.01,50,"reml",0,200,"t.scaled",2048,0.041015625,0.499824987120039,0.0849021316183599,38.8058946983873,250,"No. replications: 5","N =  250","Norig =  200","delta =  0","V =  0.01","t"
5,0.01,50,"reml",0,200,"unif2",2048,0.02099609375,0.502072574235899,0.0600144567894607,34.0573470700248,250,"No. replications: 5","N =  250","Norig =  200","delta =  0","V =  0.01","Uniform mixture"
5,0.01,300,"pm",0,200,"expo",2048,0.037109375,0.507950271595452,0.0185791246207126,45.8656105068872,1500,"No. replications: 5","N =  1500","Norig =  200","delta =  0","V =  0.01","Exponential"
5,0.01,300,"pm",0,200,"normal",3072,0.0393880208333333,0.499380979048426,0.0170564689631079,45.9104361690389,1500,"No. replications: 5","N =  1500","Norig =  200","delta =  0","V =  0.01","Normal"
5,0.01,300,"pm",0,200,"t.scaled",2048,0.06201171875,0.497879210555776,0.0445002810344452,55.993394356789,1500,"No. replications: 5","N =  1500","Norig =  200","delta =  0","V =  0.01","t"
5,0.01,300,"pm",0,200,"unif2",2048,0.04296875,0.498959967696996,0.0161564388253553,44.8600804531128,1500,"No. replications: 5","N =  1500","Norig =  200","delta =  0","V =  0.01","Uniform mixture"
5,0.01,300,"reml",0,200,"expo",2048,0.037109375,0.50794568166951,0.018473300236286,45.7380468695183,1500,"No. replications: 5","N =  1500","Norig =  200","delta =  0","V =  0.01","Exponential"
5,0.01,300,"reml",0,200,"normal",3072,0.0400390625,0.499378715927754,0.0170188256919221,45.8476766910361,1500,"No. replications: 5","N =  1500","Norig =  200","delta =  0","V =  0.01","Normal"
5,0.01,300,"reml",0,200,"t.scaled",2048,0.06201171875,0.49787593308511,0.0443509927789446,55.9285339214372,1500,"No. replications: 5","N =  1500","Norig =  200","delta =  0","V =  0.01","t"
5,0.01,300,"reml",0,200,"unif2",2048,0.0419921875,0.498957835830424,0.0161200862741524,44.7920619953575,1500,"No. replications: 5","N =  1500","Norig =  200","delta =  0","V =  0.01","Uniform mixture"
5,0.25,50,"pm",0,200,"expo",1488,0.0920698924731183,0.527732744272578,0.303834478265806,62.9680013150674,250,"No. replications: 5","N =  250","Norig =  200","delta =  0","V =  0.25","Exponential"
5,0.25,50,"pm",0,200,"normal",1904,0.109243697478992,0.491052165496275,0.272829135270079,64.9383961839372,250,"No. replications: 5","N =  250","Norig =  200","delta =  0","V =  0.25","Normal"
5,0.25,50,"pm",0,200,"t.scaled",1712,0.126168224299065,0.501259954906937,0.756675067970665,75.8805916589389,250,"No. replications: 5","N =  250","Norig =  200","delta =  0","V =  0.25","t"
5,0.25,50,"pm",0,200,"unif2",2048,0.087890625,0.487068256586434,0.265368074782156,68.0746082880564,250,"No. replications: 5","N =  250","Norig =  200","delta =  0","V =  0.25","Uniform mixture"
5,0.25,50,"reml",0,200,"expo",1488,0.0934139784946237,0.527538672389178,0.296793396611227,62.5130580896156,250,"No. replications: 5","N =  250","Norig =  200","delta =  0","V =  0.25","Exponential"
5,0.25,50,"reml",0,200,"normal",1904,0.11186974789916,0.490960255933141,0.269705151732993,64.6234374481325,250,"No. replications: 5","N =  250","Norig =  200","delta =  0","V =  0.25","Normal"
5,0.25,50,"reml",0,200,"t.scaled",1712,0.127920560747664,0.501119815635457,0.743528487619793,75.647664234442,250,"No. replications: 5","N =  250","Norig =  200","delta =  0","V =  0.25","t"
5,0.25,50,"reml",0,200,"unif2",2048,0.09130859375,0.487018473867094,0.263424753195984,67.8869506138366,250,"No. replications: 5","N =  250","Norig =  200","delta =  0","V =  0.25","Uniform mixture"
5,0.25,300,"pm",0,200,"expo",2048,0.1103515625,0.511712922414607,0.267908803650554,85.9163974566374,1500,"No. replications: 5","N =  1500","Norig =  200","delta =  0","V =  0.25","Exponential"
5,0.25,300,"pm",0,200,"normal",3072,0.120442708333333,0.501777456789612,0.248210010219024,90.310953094269,1500,"No. replications: 5","N =  1500","Norig =  200","delta =  0","V =  0.25","Normal"
5,0.25,300,"pm",0,200,"t.scaled",2048,0.13427734375,0.491364031473957,0.752624067691944,93.6697722829437,1500,"No. replications: 5","N =  1500","Norig =  200","delta =  0","V =  0.25","t"
5,0.25,300,"pm",0,200,"unif2",2048,0.064453125,0.490903705542031,0.252422341922154,91.9613930489019,1500,"No. replications: 5","N =  1500","Norig =  200","delta =  0","V =  0.25","Uniform mixture"
5,0.25,300,"reml",0,200,"expo",2048,0.1103515625,0.511707114239489,0.266902443927316,85.8834704450503,1500,"No. replications: 5","N =  1500","Norig =  200","delta =  0","V =  0.25","Exponential"
5,0.25,300,"reml",0,200,"normal",3072,0.120768229166667,0.501775178921082,0.247864381841849,90.3002098348292,1500,"No. replications: 5","N =  1500","Norig =  200","delta =  0","V =  0.25","Normal"
5,0.25,300,"reml",0,200,"t.scaled",2048,0.13427734375,0.49136045364339,0.750550197467371,93.6596855008216,1500,"No. replications: 5","N =  1500","Norig =  200","delta =  0","V =  0.25","t"
5,0.25,300,"reml",0,200,"unif2",2048,0.064453125,0.490903234522486,0.252312653499014,91.9566494766803,1500,"No. replications: 5","N =  1500","Norig =  200","delta =  0","V =  0.25","Uniform mixture"
10,0.002,50,"pm",0,200,"expo",2048,0.0146484375,0.495163421265576,0.0350865290563602,25.1974216411672,500,"No. replications: 10","N =  500","Norig =  200","delta =  0","V =  0.002","Exponential"
10,0.002,50,"pm",0,200,"normal",3072,0.015625,0.496689583726891,0.0347912841660737,25.1659095058163,500,"No. replications: 10","N =  500","Norig =  200","delta =  0","V =  0.002","Normal"
10,0.002,50,"pm",0,200,"t.scaled",2048,0.017578125,0.48651113931487,0.0385433497717849,26.7807461933176,500,"No. replications: 10","N =  500","Norig =  200","delta =  0","V =  0.002","t"
10,0.002,50,"pm",0,200,"unif2",2048,0.01318359375,0.493390101572668,0.0352575458775504,25.237878278895,500,"No. replications: 10","N =  500","Norig =  200","delta =  0","V =  0.002","Uniform mixture"
10,0.002,50,"reml",0,200,"expo",2048,0.01708984375,0.495003402157144,0.0333435440637794,24.1414712994756,500,"No. replications: 10","N =  500","Norig =  200","delta =  0","V =  0.002","Exponential"
10,0.002,50,"reml",0,200,"normal",3072,0.017578125,0.496525074973528,0.0330003936379612,24.0829196800062,500,"No. replications: 10","N =  500","Norig =  200","delta =  0","V =  0.002","Normal"
10,0.002,50,"reml",0,200,"t.scaled",2048,0.01953125,0.486358039153548,0.0367747185053761,25.7616385874234,500,"No. replications: 10","N =  500","Norig =  200","delta =  0","V =  0.002","t"
10,0.002,50,"reml",0,200,"unif2",2048,0.01318359375,0.493233280417338,0.0335435211314966,24.178906619796,500,"No. replications: 10","N =  500","Norig =  200","delta =  0","V =  0.002","Uniform mixture"
10,0.002,300,"pm",0,200,"expo",2048,0.03662109375,0.498993881485633,0.00728462583411742,29.3997585772371,3000,"No. replications: 10","N =  3000","Norig =  200","delta =  0","V =  0.002","Exponential"
10,0.002,300,"pm",0,200,"normal",3024,0.037037037037037,0.498896287637252,0.00703812503809343,28.9409631522632,3000,"No. replications: 10","N =  3000","Norig =  200","delta =  0","V =  0.002","Normal"
10,0.002,300,"pm",0,200,"t.scaled",2048,0.0341796875,0.500404062256187,0.0102866748212893,35.0480535018929,3000,"No. replications: 10","N =  3000","Norig =  200","delta =  0","V =  0.002","t"
10,0.002,300,"pm",0,200,"unif2",2048,0.033203125,0.498555313960921,0.00713554442623309,29.3220398618128,3000,"No. replications: 10","N =  3000","Norig =  200","delta =  0","V =  0.002","Uniform mixture"
10,0.002,300,"reml",0,200,"expo",2048,0.03759765625,0.498988324152284,0.00721678279048244,29.1848041657739,3000,"No. replications: 10","N =  3000","Norig =  200","delta =  0","V =  0.002","Exponential"
10,0.002,300,"reml",0,200,"normal",3024,0.0367063492063492,0.498892140832384,0.00699034113834828,28.7829937210935,3000,"No. replications: 10","N =  3000","Norig =  200","delta =  0","V =  0.002","Normal"
10,0.002,300,"reml",0,200,"t.scaled",2048,0.03466796875,0.500398956328661,0.0102135852346834,34.8878164240671,3000,"No. replications: 10","N =  3000","Norig =  200","delta =  0","V =  0.002","t"
10,0.002,300,"reml",0,200,"unif2",2048,0.033203125,0.498551414287835,0.00709031164286581,29.1762470311212,3000,"No. replications: 10","N =  3000","Norig =  200","delta =  0","V =  0.002","Uniform mixture"
10,0.01,50,"pm",0,200,"expo",2048,0.0263671875,0.499876842186748,0.0418786132731549,28.3385777465025,500,"No. replications: 10","N =  500","Norig =  200","delta =  0","V =  0.01","Exponential"
10,0.01,50,"pm",0,200,"normal",1840,0.025,0.495417733000996,0.0406843586916971,28.1270081208596,500,"No. replications: 10","N =  500","Norig =  200","delta =  0","V =  0.01","Normal"
10,0.01,50,"pm",0,200,"t.scaled",2048,0.0439453125,0.493089294874245,0.0569569515279235,33.1315783801616,500,"No. replications: 10","N =  500","Norig =  200","delta =  0","V =  0.01","t"
10,0.01,50,"pm",0,200,"unif2",2048,0.02490234375,0.492825271225803,0.0398604212313769,27.342865801106,500,"No. replications: 10","N =  500","Norig =  200","delta =  0","V =  0.01","Uniform mixture"
10,0.01,50,"reml",0,200,"expo",2048,0.02783203125,0.499691778462925,0.039767576181315,27.2011347642311,500,"No. replications: 10","N =  500","Norig =  200","delta =  0","V =  0.01","Exponential"
10,0.01,50,"reml",0,200,"normal",1840,0.0282608695652174,0.495274408422637,0.0390312722339518,27.2033852959117,500,"No. replications: 10","N =  500","Norig =  200","delta =  0","V =  0.01","Normal"
10,0.01,50,"reml",0,200,"t.scaled",2048,0.0458984375,0.492905059285048,0.0544641249977035,32.1052334181499,500,"No. replications: 10","N =  500","Norig =  200","delta =  0","V =  0.01","t"
10,0.01,50,"reml",0,200,"unif2",2048,0.0263671875,0.492673799124016,0.038124220771086,26.3466475549214,500,"No. replications: 10","N =  500","Norig =  200","delta =  0","V =  0.01","Uniform mixture"
10,0.01,300,"pm",0,200,"expo",2048,0.0556640625,0.504946218617612,0.0138732306782479,41.9242841312027,3000,"No. replications: 10","N =  3000","Norig =  200","delta =  0","V =  0.01","Exponential"
10,0.01,300,"pm",0,200,"normal",3072,0.0465494791666667,0.497913302212677,0.0128568895360502,41.5177664074131,3000,"No. replications: 10","N =  3000","Norig =  200","delta =  0","V =  0.01","Normal"
10,0.01,300,"pm",0,200,"t.scaled",2048,0.06396484375,0.496147230403653,0.0330921751553639,56.1927263349728,3000,"No. replications: 10","N =  3000","Norig =  200","delta =  0","V =  0.01","t"
10,0.01,300,"pm",0,200,"unif2",1232,0.049512987012987,0.497477374466578,0.0122925840915659,41.1702225511532,3000,"No. replications: 10","N =  3000","Norig =  200","delta =  0","V =  0.01","Uniform mixture"
10,0.01,300,"reml",0,200,"expo",2048,0.05615234375,0.504937296782008,0.0137159251168672,41.6714850315671,3000,"No. replications: 10","N =  3000","Norig =  200","delta =  0","V =  0.01","Exponential"
10,0.01,300,"reml",0,200,"normal",3072,0.0465494791666667,0.497909224674581,0.0127987478898901,41.3863476865673,3000,"No. replications: 10","N =  3000","Norig =  200","delta =  0","V =  0.01","Normal"
10,0.01,300,"reml",0,200,"t.scaled",2048,0.06396484375,0.496141225311729,0.0328953937798623,56.0763549140861,3000,"No. replications: 10","N =  3000","Norig =  200","delta =  0","V =  0.01","t"
10,0.01,300,"reml",0,200,"unif2",1232,0.0503246753246753,0.497473687727534,0.0122372572878855,41.045301011783,3000,"No. replications: 10","N =  3000","Norig =  200","delta =  0","V =  0.01","Uniform mixture"
10,0.25,50,"pm",0,200,"expo",2048,0.08642578125,0.498330776992896,0.251967873090902,64.4927233190932,500,"No. replications: 10","N =  500","Norig =  200","delta =  0","V =  0.25","Exponential"
10,0.25,50,"pm",0,200,"normal",1904,0.0919117647058824,0.488090644507937,0.246541933281002,67.9426617412608,500,"No. replications: 10","N =  500","Norig =  200","delta =  0","V =  0.25","Normal"
10,0.25,50,"pm",0,200,"t.scaled",1664,0.0973557692307692,0.493481510483661,0.718423691299071,80.5931503434337,500,"No. replications: 10","N =  500","Norig =  200","delta =  0","V =  0.25","t"
10,0.25,50,"pm",0,200,"unif2",2048,0.064453125,0.486788976719212,0.247948215122378,70.4738645057084,500,"No. replications: 10","N =  500","Norig =  200","delta =  0","V =  0.25","Uniform mixture"
10,0.25,50,"reml",0,200,"expo",2048,0.08740234375,0.497887831186684,0.24041491902729,63.5882194321901,500,"No. replications: 10","N =  500","Norig =  200","delta =  0","V =  0.25","Exponential"
10,0.25,50,"reml",0,200,"normal",1904,0.092436974789916,0.48793523051406,0.241846377049429,67.4907055968925,500,"No. replications: 10","N =  500","Norig =  200","delta =  0","V =  0.25","Normal"
10,0.25,50,"reml",0,200,"t.scaled",1664,0.0997596153846154,0.493171317458286,0.690655954294819,80.2311530700952,500,"No. replications: 10","N =  500","Norig =  200","delta =  0","V =  0.25","t"
10,0.25,50,"reml",0,200,"unif2",2048,0.0654296875,0.486703477588219,0.245070487907817,70.1999255131407,500,"No. replications: 10","N =  500","Norig =  200","delta =  0","V =  0.25","Uniform mixture"
10,0.25,300,"pm",0,200,"expo",1168,0.0821917808219178,0.488267341398259,0.233439182047112,89.942441875788,3000,"No. replications: 10","N =  3000","Norig =  200","delta =  0","V =  0.25","Exponential"
10,0.25,300,"pm",0,200,"normal",2256,0.076241134751773,0.501335401087661,0.250806973331512,93.1112948738299,3000,"No. replications: 10","N =  3000","Norig =  200","delta =  0","V =  0.25","Normal"
10,0.25,300,"pm",0,200,"t.scaled",2048,0.09765625,0.49035089820334,0.772918594155925,95.9892569359156,3000,"No. replications: 10","N =  3000","Norig =  200","delta =  0","V =  0.25","t"
10,0.25,300,"pm",0,200,"unif2",2048,0.029296875,0.505402048489701,0.251349626343157,94.1789956710835,3000,"No. replications: 10","N =  3000","Norig =  200","delta =  0","V =  0.25","Uniform mixture"
10,0.25,300,"reml",0,200,"expo",1168,0.0830479452054795,0.488252779356729,0.23171005052878,89.8934086316614,3000,"No. replications: 10","N =  3000","Norig =  200","delta =  0","V =  0.25","Exponential"
10,0.25,300,"reml",0,200,"normal",2256,0.076241134751773,0.501331415239261,0.250237863536653,93.0961452773386,3000,"No. replications: 10","N =  3000","Norig =  200","delta =  0","V =  0.25","Normal"
10,0.25,300,"reml",0,200,"t.scaled",2048,0.09814453125,0.490343558305883,0.768087385739842,95.9777939701711,3000,"No. replications: 10","N =  3000","Norig =  200","delta =  0","V =  0.25","t"
10,0.25,300,"reml",0,200,"unif2",2048,0.029296875,0.505401436411518,0.251206751241554,94.1773886364826,3000,"No. replications: 10","N =  3000","Norig =  200","delta =  0","V =  0.25","Uniform mixture"
15,0.002,50,"pm",0,200,"expo",2048,0.015625,0.49519668427461,0.0276032302600432,21.6190446517138,750,"No. replications: 15","N =  750","Norig =  200","delta =  0","V =  0.002","Exponential"
15,0.002,50,"pm",0,200,"normal",3072,0.0120442708333333,0.495996784337196,0.0273713912810339,21.5255601716815,750,"No. replications: 15","N =  750","Norig =  200","delta =  0","V =  0.002","Normal"
15,0.002,50,"pm",0,200,"t.scaled",2048,0.02392578125,0.491299031459111,0.0301793687969566,22.956904216574,750,"No. replications: 15","N =  750","Norig =  200","delta =  0","V =  0.002","t"
15,0.002,50,"pm",0,200,"unif2",2048,0.0107421875,0.493586574081908,0.0273995314206155,21.5682638920236,750,"No. replications: 15","N =  750","Norig =  200","delta =  0","V =  0.002","Uniform mixture"
15,0.002,50,"reml",0,200,"expo",2048,0.01611328125,0.495013957140331,0.0257085643406237,20.3243916141589,750,"No. replications: 15","N =  750","Norig =  200","delta =  0","V =  0.002","Exponential"
15,0.002,50,"reml",0,200,"normal",3072,0.0143229166666667,0.49582112123016,0.0255576270612392,20.2652397171133,750,"No. replications: 15","N =  750","Norig =  200","delta =  0","V =  0.002","Normal"
15,0.002,50,"reml",0,200,"t.scaled",2048,0.02587890625,0.491118161976456,0.0282373021399843,21.6995286731304,750,"No. replications: 15","N =  750","Norig =  200","delta =  0","V =  0.002","t"
15,0.002,50,"reml",0,200,"unif2",2048,0.01171875,0.493413106341532,0.0255997595593309,20.3348393739514,750,"No. replications: 15","N =  750","Norig =  200","delta =  0","V =  0.002","Uniform mixture"
15,0.002,300,"pm",0,200,"expo",2048,0.03662109375,0.499740346877419,0.00575692860489776,25.5049040977164,4500,"No. replications: 15","N =  4500","Norig =  200","delta =  0","V =  0.002","Exponential"
15,0.002,300,"pm",0,200,"normal",3072,0.0442708333333333,0.49769007982951,0.00570522072308698,25.687955367954,4500,"No. replications: 15","N =  4500","Norig =  200","delta =  0","V =  0.002","Normal"
15,0.002,300,"pm",0,200,"t.scaled",2048,0.048828125,0.498804786128366,0.00950258291139335,33.2326907842116,4500,"No. replications: 15","N =  4500","Norig =  200","delta =  0","V =  0.002","t"
15,0.002,300,"pm",0,200,"unif2",2048,0.03125,0.499061150063185,0.00576960709437299,25.9364427398294,4500,"No. replications: 15","N =  4500","Norig =  200","delta =  0","V =  0.002","Uniform mixture"
15,0.002,300,"reml",0,200,"expo",2048,0.03759765625,0.49973401500246,0.0056848926016418,25.2472061455045,4500,"No. replications: 15","N =  4500","Norig =  200","delta =  0","V =  0.002","Exponential"
15,0.002,300,"reml",0,200,"normal",3072,0.0445963541666667,0.497685389914395,0.00565366874268288,25.4946617440855,4500,"No. replications: 15","N =  4500","Norig =  200","delta =  0","V =  0.002","Normal"
15,0.002,300,"reml",0,200,"t.scaled",2048,0.048828125,0.498798496874789,0.00940750180860597,33.0394631571003,4500,"No. replications: 15","N =  4500","Norig =  200","delta =  0","V =  0.002","t"
15,0.002,300,"reml",0,200,"unif2",2048,0.03173828125,0.499055913919698,0.005711969011142,25.7209319308828,4500,"No. replications: 15","N =  4500","Norig =  200","delta =  0","V =  0.002","Uniform mixture"
15,0.01,50,"pm",0,200,"expo",2048,0.0322265625,0.495001966326033,0.0322828545906777,24.0613686820723,750,"No. replications: 15","N =  750","Norig =  200","delta =  0","V =  0.01","Exponential"
15,0.01,50,"pm",0,200,"normal",928,0.0183189655172414,0.495520242881045,0.033179955489173,24.6105516248738,750,"No. replications: 15","N =  750","Norig =  200","delta =  0","V =  0.01","Normal"
15,0.01,50,"pm",0,200,"t.scaled",2048,0.04638671875,0.494286372531747,0.0466658998192499,29.3436107417229,750,"No. replications: 15","N =  750","Norig =  200","delta =  0","V =  0.01","t"
15,0.01,50,"pm",0,200,"unif2",2048,0.02587890625,0.492189860474061,0.0330882381073764,24.5922729558157,750,"No. replications: 15","N =  750","Norig =  200","delta =  0","V =  0.01","Uniform mixture"
15,0.01,50,"reml",0,200,"expo",2048,0.03515625,0.494800729302419,0.030141508239272,22.7246559486572,750,"No. replications: 15","N =  750","Norig =  200","delta =  0","V =  0.01","Exponential"
15,0.01,50,"reml",0,200,"normal",928,0.0204741379310345,0.495350577846375,0.0313072015699059,23.4344177477217,750,"No. replications: 15","N =  750","Norig =  200","delta =  0","V =  0.01","Normal"
15,0.01,50,"reml",0,200,"t.scaled",2048,0.046875,0.494088563830307,0.0439646956189519,28.1460790830831,750,"No. replications: 15","N =  750","Norig =  200","delta =  0","V =  0.01","t"
15,0.01,50,"reml",0,200,"unif2",2048,0.03076171875,0.492009276586289,0.0311213880038891,23.36112710453,750,"No. replications: 15","N =  750","Norig =  200","delta =  0","V =  0.01","Uniform mixture"
15,0.01,300,"pm",0,200,"expo",2048,0.0517578125,0.501381043780384,0.0127230586420764,41.0544852613291,4500,"No. replications: 15","N =  4500","Norig =  200","delta =  0","V =  0.01","Exponential"
15,0.01,300,"pm",0,200,"normal",3072,0.0498046875,0.496822979770089,0.0118320983366953,40.7829829251063,4500,"No. replications: 15","N =  4500","Norig =  200","delta =  0","V =  0.01","Normal"
15,0.01,300,"pm",0,200,"t.scaled",2048,0.068359375,0.497057714255795,0.0314443801392356,57.3499486418562,4500,"No. replications: 15","N =  4500","Norig =  200","delta =  0","V =  0.01","t"
15,0.01,300,"pm",0,200,"unif2",2048,0.05078125,0.497715144871756,0.0111354903445203,39.8662802232737,4500,"No. replications: 15","N =  4500","Norig =  200","delta =  0","V =  0.01","Uniform mixture"
15,0.01,300,"reml",0,200,"expo",2048,0.0517578125,0.501369642227507,0.012537302216469,40.7260534729609,4500,"No. replications: 15","N =  4500","Norig =  200","delta =  0","V =  0.01","Exponential"
15,0.01,300,"reml",0,200,"normal",3072,0.0504557291666667,0.496818339344388,0.0117643067937952,40.633127204097,4500,"No. replications: 15","N =  4500","Norig =  200","delta =  0","V =  0.01","Normal"
15,0.01,300,"reml",0,200,"t.scaled",2048,0.068359375,0.497049221203563,0.0311561423259811,57.2045503352474,4500,"No. replications: 15","N =  4500","Norig =  200","delta =  0","V =  0.01","t"
15,0.01,300,"reml",0,200,"unif2",2048,0.05126953125,0.497711103880815,0.0110775681400913,39.7256593192655,4500,"No. replications: 15","N =  4500","Norig =  200","delta =  0","V =  0.01","Uniform mixture"
15,0.25,50,"pm",0,200,"expo",2048,0.0810546875,0.49310993925125,0.239644158858436,65.7429163653176,750,"No. replications: 15","N =  750","Norig =  200","delta =  0","V =  0.25","Exponential"
15,0.25,50,"pm",0,200,"normal",1936,0.0878099173553719,0.493730401243488,0.248142950151199,69.9338211986216,750,"No. replications: 15","N =  750","Norig =  200","delta =  0","V =  0.25","Normal"
15,0.25,50,"pm",0,200,"t.scaled",1344,0.0907738095238095,0.491514941705137,0.724113414908197,82.5447313755229,750,"No. replications: 15","N =  750","Norig =  200","delta =  0","V =  0.25","t"
15,0.25,50,"pm",0,200,"unif2",2048,0.03759765625,0.47877270255903,0.246713010204887,71.9504247665259,750,"No. replications: 15","N =  750","Norig =  200","delta =  0","V =  0.25","Uniform mixture"
15,0.25,50,"reml",0,200,"expo",2048,0.08544921875,0.492488337050006,0.225216202215373,64.5939934816617,750,"No. replications: 15","N =  750","Norig =  200","delta =  0","V =  0.25","Exponential"
15,0.25,50,"reml",0,200,"normal",1936,0.0888429752066116,0.493554833742066,0.242683003786888,69.4437587053547,750,"No. replications: 15","N =  750","Norig =  200","delta =  0","V =  0.25","Normal"
15,0.25,50,"reml",0,200,"t.scaled",1344,0.0915178571428571,0.491153772670994,0.681307916021021,82.1276330114039,750,"No. replications: 15","N =  750","Norig =  200","delta =  0","V =  0.25","t"
15,0.25,50,"reml",0,200,"unif2",2048,0.0390625,0.4786720205215,0.243372134749644,71.6515667426511,750,"No. replications: 15","N =  750","Norig =  200","delta =  0","V =  0.25","Uniform mixture"
15,0.25,300,"pm",0,200,"expo",2048,0.080078125,0.496082578802166,0.244359057254078,91.793525622467,4500,"No. replications: 15","N =  4500","Norig =  200","delta =  0","V =  0.25","Exponential"
15,0.25,300,"pm",0,200,"normal",3072,0.0641276041666667,0.496058455082789,0.247704121232893,93.7408677825904,4500,"No. replications: 15","N =  4500","Norig =  200","delta =  0","V =  0.25","Normal"
15,0.25,300,"pm",0,200,"t.scaled",2048,0.08203125,0.497147010062667,0.720748991870873,96.6916158865557,4500,"No. replications: 15","N =  4500","Norig =  200","delta =  0","V =  0.25","t"
15,0.25,300,"pm",0,200,"unif2",1440,0.0201388888888889,0.496280467663873,0.250589721948694,94.4342557330759,4500,"No. replications: 15","N =  4500","Norig =  200","delta =  0","V =  0.25","Uniform mixture"
15,0.25,300,"reml",0,200,"expo",2048,0.0810546875,0.49606103150536,0.241976067314981,91.7391965306084,4500,"No. replications: 15","N =  4500","Norig =  200","delta =  0","V =  0.25","Exponential"
15,0.25,300,"reml",0,200,"normal",3072,0.064453125,0.496053859753824,0.247043422512101,93.7253164839035,4500,"No. replications: 15","N =  4500","Norig =  200","delta =  0","V =  0.25","Normal"
15,0.25,300,"reml",0,200,"t.scaled",2048,0.08203125,0.497136183908609,0.714974847691776,96.6791080092841,4500,"No. replications: 15","N =  4500","Norig =  200","delta =  0","V =  0.25","t"
15,0.25,300,"reml",0,200,"unif2",1440,0.0201388888888889,0.496279407102671,0.250408738371124,94.4301447130849,4500,"No. replications: 15","N =  4500","Norig =  200","delta =  0","V =  0.25","Uniform mixture"
20,0.002,50,"pm",0,200,"expo",2048,0.0224609375,0.494218425858576,0.0234069450325755,19.3157835538512,1000,"No. replications: 20","N =  1000","Norig =  200","delta =  0","V =  0.002","Exponential"
20,0.002,50,"pm",0,200,"normal",3056,0.0176701570680628,0.493051514977466,0.0230882681733598,19.0652601301648,1000,"No. replications: 20","N =  1000","Norig =  200","delta =  0","V =  0.002","Normal"
20,0.002,50,"pm",0,200,"t.scaled",2048,0.0224609375,0.493494881066737,0.0263468989778004,20.7636464181278,1000,"No. replications: 20","N =  1000","Norig =  200","delta =  0","V =  0.002","t"
20,0.002,50,"pm",0,200,"unif2",2048,0.021484375,0.494183797849194,0.0225260469707998,18.7740867032781,1000,"No. replications: 20","N =  1000","Norig =  200","delta =  0","V =  0.002","Uniform mixture"
20,0.002,50,"reml",0,200,"expo",2048,0.025390625,0.494041738434842,0.0215959521199638,17.993102014211,1000,"No. replications: 20","N =  1000","Norig =  200","delta =  0","V =  0.002","Exponential"
20,0.002,50,"reml",0,200,"normal",3056,0.018651832460733,0.49287691524669,0.0212920848729941,17.7512030755308,1000,"No. replications: 20","N =  1000","Norig =  200","delta =  0","V =  0.002","Normal"
20,0.002,50,"reml",0,200,"t.scaled",2048,0.02587890625,0.49329694654358,0.0242007837240071,19.3496790909287,1000,"No. replications: 20","N =  1000","Norig =  200","delta =  0","V =  0.002","t"
20,0.002,50,"reml",0,200,"unif2",2048,0.0234375,0.494003618756279,0.0207070764491867,17.4240326736272,1000,"No. replications: 20","N =  1000","Norig =  200","delta =  0","V =  0.002","Uniform mixture"
20,0.002,300,"pm",0,200,"expo",2048,0.0439453125,0.499249989155772,0.00507982517453695,23.8035815712802,6000,"No. replications: 20","N =  6000","Norig =  200","delta =  0","V =  0.002","Exponential"
20,0.002,300,"pm",0,200,"normal",3072,0.0416666666666667,0.499337757021409,0.0049708067675122,23.577756140577,6000,"No. replications: 20","N =  6000","Norig =  200","delta =  0","V =  0.002","Normal"
20,0.002,300,"pm",0,200,"t.scaled",2048,0.04638671875,0.49843056599002,0.00882597866921338,31.3310701090171,6000,"No. replications: 20","N =  6000","Norig =  200","delta =  0","V =  0.002","t"
20,0.002,300,"pm",0,200,"unif2",2048,0.041015625,0.498589763937042,0.00486085863519009,23.2302349827063,6000,"No. replications: 20","N =  6000","Norig =  200","delta =  0","V =  0.002","Uniform mixture"
20,0.002,300,"reml",0,200,"expo",2048,0.0439453125,0.499243340023146,0.00500742786818019,23.5203945261859,6000,"No. replications: 20","N =  6000","Norig =  200","delta =  0","V =  0.002","Exponential"
20,0.002,300,"reml",0,200,"normal",3072,0.0419921875,0.499332887667974,0.00491851984506482,23.3717276743184,6000,"No. replications: 20","N =  6000","Norig =  200","delta =  0","V =  0.002","Normal"
20,0.002,300,"reml",0,200,"t.scaled",2048,0.0458984375,0.498423909392968,0.00872424343917404,31.1027177052642,6000,"No. replications: 20","N =  6000","Norig =  200","delta =  0","V =  0.002","t"
20,0.002,300,"reml",0,200,"unif2",2048,0.041015625,0.498585236958923,0.00481323437345884,23.0381557310009,6000,"No. replications: 20","N =  6000","Norig =  200","delta =  0","V =  0.002","Uniform mixture"
20,0.01,50,"pm",0,200,"expo",2048,0.04052734375,0.495211424333997,0.0269999222310537,21.5401819680199,1000,"No. replications: 20","N =  1000","Norig =  200","delta =  0","V =  0.01","Exponential"
20,0.01,50,"pm",0,200,"normal",1712,0.0327102803738318,0.489593494652898,0.0282614564342151,22.1878174396873,1000,"No. replications: 20","N =  1000","Norig =  200","delta =  0","V =  0.01","Normal"
20,0.01,50,"pm",0,200,"t.scaled",2048,0.04296875,0.490699034444883,0.0465831661947391,29.3193212682775,1000,"No. replications: 20","N =  1000","Norig =  200","delta =  0","V =  0.01","t"
20,0.01,50,"pm",0,200,"unif2",2048,0.0361328125,0.495617554297573,0.0286464585329611,22.4089029409408,1000,"No. replications: 20","N =  1000","Norig =  200","delta =  0","V =  0.01","Uniform mixture"
20,0.01,50,"reml",0,200,"expo",2048,0.044921875,0.494996678439968,0.02479227749549,20.0403283589901,1000,"No. replications: 20","N =  1000","Norig =  200","delta =  0","V =  0.01","Exponential"
20,0.01,50,"reml",0,200,"normal",1712,0.0356308411214953,0.489403583874862,0.026244065549061,20.8004654008302,1000,"No. replications: 20","N =  1000","Norig =  200","delta =  0","V =  0.01","Normal"
20,0.01,50,"reml",0,200,"t.scaled",2048,0.04638671875,0.490430165710488,0.0426020146824909,27.9079254165542,1000,"No. replications: 20","N =  1000","Norig =  200","delta =  0","V =  0.01","t"
20,0.01,50,"reml",0,200,"unif2",2048,0.0380859375,0.495441441656877,0.0267663925948619,21.1499981417154,1000,"No. replications: 20","N =  1000","Norig =  200","delta =  0","V =  0.01","Uniform mixture"
20,0.01,300,"pm",0,200,"expo",2048,0.0576171875,0.501771305580838,0.0117302629200089,39.9607258074855,6000,"No. replications: 20","N =  6000","Norig =  200","delta =  0","V =  0.01","Exponential"
20,0.01,300,"pm",0,200,"normal",3072,0.0556640625,0.498799281283172,0.0109183002194161,39.7254783305508,6000,"No. replications: 20","N =  6000","Norig =  200","delta =  0","V =  0.01","Normal"
20,0.01,300,"pm",0,200,"t.scaled",2048,0.0625,0.499400562878772,0.0308115405066807,57.9489242140004,6000,"No. replications: 20","N =  6000","Norig =  200","delta =  0","V =  0.01","t"
20,0.01,300,"pm",0,200,"unif2",2048,0.048828125,0.499310841924625,0.0109743293381028,40.3416503429467,6000,"No. replications: 20","N =  6000","Norig =  200","delta =  0","V =  0.01","Uniform mixture"
20,0.01,300,"reml",0,200,"expo",2048,0.05810546875,0.501758134744068,0.0115286063652182,39.5632469010856,6000,"No. replications: 20","N =  6000","Norig =  200","delta =  0","V =  0.01","Exponential"
20,0.01,300,"reml",0,200,"normal",3072,0.0556640625,0.498794359865028,0.0108497448082977,39.5588236053561,6000,"No. replications: 20","N =  6000","Norig =  200","delta =  0","V =  0.01","Normal"
20,0.01,300,"reml",0,200,"t.scaled",2048,0.0625,0.499390873842764,0.0304475148432109,57.7936130503232,6000,"No. replications: 20","N =  6000","Norig =  200","delta =  0","V =  0.01","t"
20,0.01,300,"reml",0,200,"unif2",2048,0.048828125,0.49930656513004,0.0109138055966922,40.1929053914669,6000,"No. replications: 20","N =  6000","Norig =  200","delta =  0","V =  0.01","Uniform mixture"
20,0.25,50,"pm",0,200,"expo",2048,0.0751953125,0.484943793726774,0.237615956620171,67.1109077206537,1000,"No. replications: 20","N =  1000","Norig =  200","delta =  0","V =  0.25","Exponential"
20,0.25,50,"pm",0,200,"normal",1776,0.0748873873873874,0.487908652077265,0.248335792864601,71.4686665615538,1000,"No. replications: 20","N =  1000","Norig =  200","delta =  0","V =  0.25","Normal"
20,0.25,50,"pm",0,200,"t.scaled",1952,0.0712090163934426,0.486599074166499,0.667140416854259,83.7445766941832,1000,"No. replications: 20","N =  1000","Norig =  200","delta =  0","V =  0.25","t"
20,0.25,50,"pm",0,200,"unif2",2048,0.03173828125,0.487798036948442,0.247779990703601,72.7068828179814,1000,"No. replications: 20","N =  1000","Norig =  200","delta =  0","V =  0.25","Uniform mixture"
20,0.25,50,"reml",0,200,"expo",2048,0.0791015625,0.484249170944526,0.222021366020692,65.8467572671147,1000,"No. replications: 20","N =  1000","Norig =  200","delta =  0","V =  0.25","Exponential"
20,0.25,50,"reml",0,200,"normal",1776,0.0788288288288288,0.487719325880021,0.242477439587914,70.9627585590757,1000,"No. replications: 20","N =  1000","Norig =  200","delta =  0","V =  0.25","Normal"
20,0.25,50,"reml",0,200,"t.scaled",1952,0.0737704918032787,0.48619166546782,0.625242815965338,83.275608771196,1000,"No. replications: 20","N =  1000","Norig =  200","delta =  0","V =  0.25","t"
20,0.25,50,"reml",0,200,"unif2",2048,0.03076171875,0.487698275664454,0.244464481885258,72.4231410444284,1000,"No. replications: 20","N =  1000","Norig =  200","delta =  0","V =  0.25","Uniform mixture"
20,0.25,300,"pm",0,200,"expo",2048,0.06396484375,0.498108340775301,0.248096778769105,92.726415347462,6000,"No. replications: 20","N =  6000","Norig =  200","delta =  0","V =  0.25","Exponential"
20,0.25,300,"pm",0,200,"normal",2784,0.0635775862068965,0.499408269937276,0.248107696609962,94.0055418631154,6000,"No. replications: 20","N =  6000","Norig =  200","delta =  0","V =  0.25","Normal"
20,0.25,300,"pm",0,200,"t.scaled",2048,0.07568359375,0.493992998187641,0.750385196230559,96.963461017723,6000,"No. replications: 20","N =  6000","Norig =  200","delta =  0","V =  0.25","t"
20,0.25,300,"pm",0,200,"unif2",2048,0.01416015625,0.498072496334381,0.249879692728299,94.481470772211,6000,"No. replications: 20","N =  6000","Norig =  200","delta =  0","V =  0.25","Uniform mixture"
20,0.25,300,"reml",0,200,"expo",2048,0.06494140625,0.498082135618917,0.245384694459582,92.6692843102802,6000,"No. replications: 20","N =  6000","Norig =  200","delta =  0","V =  0.25","Exponential"
20,0.25,300,"reml",0,200,"normal",2784,0.0639367816091954,0.499403207339114,0.247372262251075,93.9888950354009,6000,"No. replications: 20","N =  6000","Norig =  200","delta =  0","V =  0.25","Normal"
20,0.25,300,"reml",0,200,"t.scaled",2048,0.0771484375,0.493979784623743,0.742312245387853,96.9495704044662,6000,"No. replications: 20","N =  6000","Norig =  200","delta =  0","V =  0.25","t"
20,0.25,300,"reml",0,200,"unif2",2048,0.01416015625,0.498071359178152,0.24968862180638,94.4773830073373,6000,"No. replications: 20","N =  6000","Norig =  200","delta =  0","V =  0.25","Uniform mixture"
25,0.002,50,"pm",0,200,"expo",2048,0.02392578125,0.494359833410292,0.0201561034475195,17.414477614401,1250,"No. replications: 25","N =  1250","Norig =  200","delta =  0","V =  0.002","Exponential"
25,0.002,50,"pm",0,200,"normal",2048,0.02392578125,0.491538304581131,0.0200123701412428,17.2378341623663,1250,"No. replications: 25","N =  1250","Norig =  200","delta =  0","V =  0.002","Normal"
25,0.002,50,"pm",0,200,"t.scaled",2048,0.02978515625,0.493936907801393,0.0234592688836363,19.1648005883224,1250,"No. replications: 25","N =  1250","Norig =  200","delta =  0","V =  0.002","t"
25,0.002,50,"pm",0,200,"unif2",2048,0.0263671875,0.494123300928611,0.0197439234492231,16.9705727278114,1250,"No. replications: 25","N =  1250","Norig =  200","delta =  0","V =  0.002","Uniform mixture"
25,0.002,50,"reml",0,200,"expo",2048,0.02587890625,0.494172440146164,0.0182943566762134,15.9762599922352,1250,"No. replications: 25","N =  1250","Norig =  200","delta =  0","V =  0.002","Exponential"
25,0.002,50,"reml",0,200,"normal",2048,0.02734375,0.491358788776651,0.0182157616142767,15.8393519333483,1250,"No. replications: 25","N =  1250","Norig =  200","delta =  0","V =  0.002","Normal"
25,0.002,50,"reml",0,200,"t.scaled",2048,0.03271484375,0.493730038444982,0.0213041169763591,17.7372243526841,1250,"No. replications: 25","N =  1250","Norig =  200","delta =  0","V =  0.002","t"
25,0.002,50,"reml",0,200,"unif2",2048,0.02978515625,0.49393731667565,0.0179093352594614,15.533368589459,1250,"No. replications: 25","N =  1250","Norig =  200","delta =  0","V =  0.002","Uniform mixture"
25,0.002,300,"pm",0,200,"expo",2048,0.044921875,0.499964879284375,0.00440213404284013,21.7365302716852,7500,"No. replications: 25","N =  7500","Norig =  200","delta =  0","V =  0.002","Exponential"
25,0.002,300,"pm",0,200,"normal",3072,0.0423177083333333,0.499016689473303,0.00460845579071194,22.4004860908373,7500,"No. replications: 25","N =  7500","Norig =  200","delta =  0","V =  0.002","Normal"
25,0.002,300,"pm",0,200,"t.scaled",2048,0.04443359375,0.499207116294815,0.0075508939262414,30.4170971006026,7500,"No. replications: 25","N =  7500","Norig =  200","delta =  0","V =  0.002","t"
25,0.002,300,"pm",0,200,"unif2",1568,0.0344387755102041,0.498795291430963,0.00448740057413463,22.1456966639378,7500,"No. replications: 25","N =  7500","Norig =  200","delta =  0","V =  0.002","Uniform mixture"
25,0.002,300,"reml",0,200,"expo",2048,0.044921875,0.499958090605488,0.00433007902284928,21.4410776663901,7500,"No. replications: 25","N =  7500","Norig =  200","delta =  0","V =  0.002","Exponential"
25,0.002,300,"reml",0,200,"normal",3072,0.0423177083333333,0.499011361470376,0.00455220236110705,22.1643244378683,7500,"No. replications: 25","N =  7500","Norig =  200","delta =  0","V =  0.002","Normal"
25,0.002,300,"reml",0,200,"t.scaled",2048,0.044921875,0.499200907677898,0.00746922964250488,30.204329442351,7500,"No. replications: 25","N =  7500","Norig =  200","delta =  0","V =  0.002","t"
25,0.002,300,"reml",0,200,"unif2",1568,0.0344387755102041,0.498789919021653,0.0044314991167902,21.9066539501358,7500,"No. replications: 25","N =  7500","Norig =  200","delta =  0","V =  0.002","Uniform mixture"
25,0.01,50,"pm",0,200,"expo",2048,0.03515625,0.495172631797083,0.0250557131806798,20.3931067303602,1250,"No. replications: 25","N =  1250","Norig =  200","delta =  0","V =  0.01","Exponential"
25,0.01,50,"pm",0,200,"normal",2384,0.0427852348993289,0.494493499033457,0.0248327400700166,20.2433093123669,1250,"No. replications: 25","N =  1250","Norig =  200","delta =  0","V =  0.01","Normal"
25,0.01,50,"pm",0,200,"t.scaled",2048,0.056640625,0.491193746839314,0.0392830269714945,27.2967337866725,1250,"No. replications: 25","N =  1250","Norig =  200","delta =  0","V =  0.01","t"
25,0.01,50,"pm",0,200,"unif2",2048,0.037109375,0.490319035632898,0.0240246093944172,19.8643547736801,1250,"No. replications: 25","N =  1250","Norig =  200","delta =  0","V =  0.01","Uniform mixture"
25,0.01,50,"reml",0,200,"expo",2048,0.0380859375,0.494947096670018,0.0227498070087895,18.7739113065021,1250,"No. replications: 25","N =  1250","Norig =  200","delta =  0","V =  0.01","Exponential"
25,0.01,50,"reml",0,200,"normal",2384,0.0469798657718121,0.494310364592033,0.0229317186982764,18.8645584234419,1250,"No. replications: 25","N =  1250","Norig =  200","delta =  0","V =  0.01","Normal"
25,0.01,50,"reml",0,200,"t.scaled",2048,0.0595703125,0.490946506097059,0.0361101478834682,25.8437119888989,1250,"No. replications: 25","N =  1250","Norig =  200","delta =  0","V =  0.01","t"
25,0.01,50,"reml",0,200,"unif2",2048,0.0390625,0.490148034171724,0.0222249010264753,18.5447967751606,1250,"No. replications: 25","N =  1250","Norig =  200","delta =  0","V =  0.01","Uniform mixture"
25,0.01,300,"pm",0,200,"expo",2048,0.04736328125,0.500182656175216,0.0111135900887026,39.3539277496724,7500,"No. replications: 25","N =  7500","Norig =  200","delta =  0","V =  0.01","Exponential"
25,0.01,300,"pm",0,200,"normal",3072,0.0595703125,0.497395652626961,0.0104878610654815,39.4522159511636,7500,"No. replications: 25","N =  7500","Norig =  200","delta =  0","V =  0.01","Normal"
25,0.01,300,"pm",0,200,"t.scaled",2048,0.05517578125,0.497826394113918,0.0296467792528893,58.8547482082646,7500,"No. replications: 25","N =  7500","Norig =  200","delta =  0","V =  0.01","t"
25,0.01,300,"pm",0,200,"unif2",2048,0.044921875,0.499237308310134,0.0104225472452264,39.4740313800718,7500,"No. replications: 25","N =  7500","Norig =  200","delta =  0","V =  0.01","Uniform mixture"
25,0.01,300,"reml",0,200,"expo",2048,0.04736328125,0.500168498824359,0.0109027991368809,38.927229687791,7500,"No. replications: 25","N =  7500","Norig =  200","delta =  0","V =  0.01","Exponential"
25,0.01,300,"reml",0,200,"normal",3072,0.0598958333333333,0.497390521582046,0.010417195755786,39.2746034247834,7500,"No. replications: 25","N =  7500","Norig =  200","delta =  0","V =  0.01","Normal"
25,0.01,300,"reml",0,200,"t.scaled",2048,0.05517578125,0.497816720497412,0.0292986134466378,58.6890886583034,7500,"No. replications: 25","N =  7500","Norig =  200","delta =  0","V =  0.01","t"
25,0.01,300,"reml",0,200,"unif2",2048,0.044921875,0.499232898133304,0.010360404497662,39.3207479609091,7500,"No. replications: 25","N =  7500","Norig =  200","delta =  0","V =  0.01","Uniform mixture"
25,0.25,50,"pm",0,200,"expo",2048,0.06884765625,0.487035253846045,0.236235676406069,68.4147273010463,1250,"No. replications: 25","N =  1250","Norig =  200","delta =  0","V =  0.25","Exponential"
25,0.25,50,"pm",0,200,"normal",1984,0.0745967741935484,0.488817151373155,0.245457855262411,71.8836701763375,1250,"No. replications: 25","N =  1250","Norig =  200","delta =  0","V =  0.25","Normal"
25,0.25,50,"pm",0,200,"t.scaled",2048,0.06884765625,0.486856692511491,0.685272623774032,84.4883097898421,1250,"No. replications: 25","N =  1250","Norig =  200","delta =  0","V =  0.25","t"
25,0.25,50,"pm",0,200,"unif2",2048,0.01708984375,0.491319011095481,0.247512695806187,73.076370364779,1250,"No. replications: 25","N =  1250","Norig =  200","delta =  0","V =  0.25","Uniform mixture"
25,0.25,50,"reml",0,200,"expo",2048,0.072265625,0.48622899438257,0.21904345249834,67.0529312716983,1250,"No. replications: 25","N =  1250","Norig =  200","delta =  0","V =  0.25","Exponential"
25,0.25,50,"reml",0,200,"normal",1984,0.0806451612903226,0.488625436604946,0.239504140012744,71.3717902945436,1250,"No. replications: 25","N =  1250","Norig =  200","delta =  0","V =  0.25","Normal"
25,0.25,50,"reml",0,200,"t.scaled",2048,0.0712890625,0.486364457177303,0.631696544095267,83.9606528868415,1250,"No. replications: 25","N =  1250","Norig =  200","delta =  0","V =  0.25","t"
25,0.25,50,"reml",0,200,"unif2",2048,0.017578125,0.491212893725238,0.244011696019834,72.7858884095278,1250,"No. replications: 25","N =  1250","Norig =  200","delta =  0","V =  0.25","Uniform mixture"
25,0.25,300,"pm",0,200,"expo",1888,0.0598516949152542,0.496393818385972,0.247097892657436,93.1471213306348,7500,"No. replications: 25","N =  7500","Norig =  200","delta =  0","V =  0.25","Exponential"
25,0.25,300,"pm",0,200,"normal",3072,0.0618489583333333,0.4970543997809,0.250561160437762,94.1884094288783,7500,"No. replications: 25","N =  7500","Norig =  200","delta =  0","V =  0.25","Normal"
25,0.25,300,"pm",0,200,"t.scaled",2048,0.06982421875,0.500676676438567,0.75021627112602,97.1463697546228,7500,"No. replications: 25","N =  7500","Norig =  200","delta =  0","V =  0.25","t"
25,0.25,300,"pm",0,200,"unif2",2048,0.0146484375,0.499810200717583,0.250539440833233,94.5412857524655,7500,"No. replications: 25","N =  7500","Norig =  200","delta =  0","V =  0.25","Uniform mixture"
25,0.25,300,"reml",0,200,"expo",1888,0.0598516949152542,0.496363851736621,0.244150113982298,93.0860606275751,7500,"No. replications: 25","N =  7500","Norig =  200","delta =  0","V =  0.25","Exponential"
25,0.25,300,"reml",0,200,"normal",3072,0.0618489583333333,0.497049329492101,0.249800913096854,94.1717180925832,7500,"No. replications: 25","N =  7500","Norig =  200","delta =  0","V =  0.25","Normal"
25,0.25,300,"reml",0,200,"t.scaled",2048,0.0703125,0.50066129298849,0.740901411143031,97.1307182280403,7500,"No. replications: 25","N =  7500","Norig =  200","delta =  0","V =  0.25","t"
25,0.25,300,"reml",0,200,"unif2",2048,0.0146484375,0.49980909540122,0.250354660495908,94.5374258412631,7500,"No. replications: 25","N =  7500","Norig =  200","delta =  0","V =  0.25","Uniform mixture"
